name,description,asks_fee,label
StaffingStaffing Staffing,We are an IT staffing firm partnering with MNC clients. Official recruitment partner for mid-size software companies.,0,0
CashOffer Agency,Get selected instantly for high-paying job. Just pay registration fee. Earn daily 3000 INR. First pay processing fee for ID card.,1,1
OverseasVisas Agency,Must pay consultancy fee and visa processing amount in advance. Simple work from mobile. Join now by paying account creation fee.,1,1
QuickJob Jobs,Activation fee must be paid immediately to unlock projects. Part-time copy paste work. First transfer processing fee.,1,1
PlacementSureShot Services,Simple work from mobile. Join now by paying account creation fee. Asks candidates to pay processing fee in cash before employer details.,1,1
AdvisoryBlue Staffing,Candidates are hired as full time employees with standard background checks. All openings are listed on our official website.,0,0
OverseasInstant Services,Demands non-refundable registration fee to reserve offer letter. Pay joining fee to access premium job list and HR contacts.,1,1
GlobalGlobal Partners,We provide 100 percent placement assistance after our intensive 6-month paid bootcamp. Recruitment itself is free.,1,0
SilverCity HR,"We are paid by employers, not by job seekers. Selection process includes technical test and HR round.",0,0
VisionTrack Talent Search,"Specializes in leadership hiring; approaches candidates via LinkedIn and arranges meetings at client offices, never requesting deposits or registration amounts.",0,0
InstantQuick Agency,NO INTERVIEW required. Send joining fee on Google Pay. NO INTERVIEW required. Send joining fee on Google Pay.,1,1
BluePartners Solutions,Provides project-based hiring for Java and .NET engineers. Works only on retained search basis.,0,0
SummitUrban HR,Consulting and training firm in data science. Selection process includes technical test and HR round.,0,0
DreamCash Services,Part-time copy paste work. First transfer processing fee. Demands non-refundable registration fee to reserve offer letter.,1,1
GuaranteedGuaranteed Services,Company charges for profile activation. Refund if not selected. 100% placement guarantee. Freshers must pay placement fee.,0,1
SureShotDream Agency,Simple work from mobile. Join now by paying account creation fee. Pay joining fee to access premium job list and HR contacts.,1,1
NextGenBlue Solutions,All communication happens from verified company email domains. All communication happens from verified company email domains.,0,0
PartnersCore Partners,All openings are listed on our official website. Official recruitment partner for mid-size software companies.,1,0
BrightTalent HR,We provide 100 percent placement assistance after our intensive 6-month paid bootcamp. Recruitment itself is free.,1,0
MapleLeaf Global Talent,"Assists in placing experienced professionals in Europe and Canada. Visa documentation is handled by licensed immigration partners; MapleLeaf charges corporates, not applicants.",0,0
CityGlobal Solutions,We provide 100 percent placement assistance after our intensive 6-month paid bootcamp. Recruitment itself is free.,1,0
PrimePrime Staffing,Selection process includes technical test and HR round. Selection process includes technical test and HR round.,1,0
PartnersTech Partners,Service charges are billed only to client companies. Recruitment for clients is free for job seekers.,0,0
TalentPartners Staffing,Official recruitment partner for mid-size software companies. We are an IT staffing firm partnering with MNC clients.,0,0
SummitTalent Partners,All openings are listed on our official website. Service charges are billed only to client companies.,0,0
StaffingSilver Solutions,Recruitment for clients is free for job seekers. Selection process includes technical test and HR round.,0,0
GlobalBlue Solutions,Official recruitment partner for mid-size software companies. All communication happens from verified company email domains.,0,0
SureShotInstant Services,We guarantee job in MNC without exams. Pay security deposit. One-time registration fee required before sharing interview location.,1,1
JobDream Services,Company charges for profile activation. Refund if not selected. One-time registration fee required before sharing interview location.,1,1
EasyGuaranteed Services,Must pay consultancy fee and visa processing amount in advance. Company charges for profile activation. Refund if not selected.,1,1
BrightGlobal Partners,We are an IT staffing firm partnering with MNC clients. Official recruitment partner for mid-size software companies.,0,0
TechAdvisory Solutions,Selection process includes technical test and HR round. Selection process includes technical test and HR round.,0,0
OakTree Talent Solutions,Boutique firm that works only on referral basis. Each candidate gets a written email describing the hiring process; consultants never ask for payments or personal UPI transfers.,0,0
FirstPay Jobs,Simple work from mobile. Join now by paying account creation fee. Earn daily 3000 INR. First pay processing fee for ID card.,1,1
BrightGlobal Partners,All openings are listed on our official website. Recruitment for clients is free for job seekers.,0,0
BrightMinds HR Solutions,Small consultancy that posts detailed positions with company names on Naukri and LinkedIn; explicitly writes 'No charges to candidates' on each post.,0,0
PartnersPartners Partners,Provides project-based hiring for Java and .NET engineers. Consulting and training firm in data science.,0,0
UrbanAdvisory HR,Consulting and training firm in data science. Candidates are hired as full time employees with standard background checks.,0,0
BlueTalent Solutions,Provides project-based hiring for Java and .NET engineers. Provides project-based hiring for Java and .NET engineers.,0,0
CashDream Consultancy,Activation fee must be paid immediately to unlock projects. Pay joining fee to access premium job list and HR contacts.,1,1
PrimeConsulting Solutions,"We are paid by employers, not by job seekers. Service charges are billed only to client companies.",1,0
JobInstant Jobs,We offer premium job placement services for freshers and experienced candidates.,1,1
OverseasQuick Agency,We guarantee job in MNC without exams. Pay security deposit. Simple work from mobile. Join now by paying account creation fee.,1,1
PayGuaranteed Consultancy,One-time registration fee required before sharing interview location. Get selected instantly for high-paying job. Just pay registration fee.,1,1
TalentTalent Staffing,Service charges are billed only to client companies. Candidates are hired as full time employees with standard background checks.,0,0
OverseasInstant Agency,We offer premium job placement services for freshers and experienced candidates.,1,1
BrightBright HR,We provide 100 percent placement assistance after our intensive 6-month paid bootcamp. Recruitment itself is free.,1,0
CoreStaffing Staffing,Service charges are billed only to client companies. Selection process includes technical test and HR round.,0,0
PayJob Consultancy,Asks candidates to pay processing fee in cash before employer details. NO INTERVIEW required. Send joining fee on Google Pay.,1,1
UrbanTech HR,Works only on retained search basis. Service charges are billed only to client companies.,0,0
GlobalSummit Solutions,Recruitment for clients is free for job seekers. Provides project-based hiring for Java and .NET engineers.,0,0
PrimeTalent HR,No fees are collected from candidates at any stage. Works only on retained search basis.,0,0
UrbanCareer Associates,Small but registered local consultancy that only charges companies; clearly states on its website that paying any recruiter is against policy.,0,0
SilverHR HR,All openings are listed on our official website. Service charges are billed only to client companies.,0,0
QuickPlacement Consultancy,Asks candidates to pay processing fee in cash before employer details. NO INTERVIEW required. Send joining fee on Google Pay.,1,1
100%Job Consultancy,Get selected instantly for high-paying job. Just pay registration fee. Asks candidates to pay processing fee in cash before employer details.,1,1
NextGenStaffing Partners,We are an IT staffing firm partnering with MNC clients. All communication happens from verified company email domains.,0,0
QuickVisa Career Placements,"Mixes visa consultancy and job promise; insists that without paying combined visa + job package fee, your profile cannot be processed.",1,1
QuickHire Telegram Jobs,Join our Telegram group and pay 1200 rs joining fee to access premium job list and direct HR contacts.,1,1
BrightFuture HR Consulting,Specializes in junior IT and BPO hiring. Candidates are shortlisted based on resume and online test; company policy strictly prohibits charging candidates any fee.,0,0
BluePrime Partners,We provide 100 percent placement assistance after our intensive 6-month paid bootcamp. Recruitment itself is free.,1,0
HRGlobal HR,Recruitment for clients is free for job seekers. Candidates are hired as full time employees with standard background checks.,0,0
Dream Job Offer Work From Home,Congratulations! Get selected instantly for high‑paying typing job from home. Just pay 1999 registration fee and start earning 5000 per day.,1,1
GlobalBlue Solutions,No fees are collected from candidates at any stage. Consulting and training firm in data science.,0,0
AdvisoryCore HR,"Official recruitment partner for mid-size software companies. We are paid by employers, not by job seekers.",0,0
BrightCore HR,We provide 100 percent placement assistance after our intensive 6-month paid bootcamp. Recruitment itself is free.,1,0
OfferFirst Services,Asks candidates to pay processing fee in cash before employer details. Earn daily 3000 INR. First pay processing fee for ID card.,0,1
TalentBlue HR,"Candidates are hired as full time employees with standard background checks. We are paid by employers, not by job seekers.",0,0
StaffingSummit HR,No fees are collected from candidates at any stage. Provides project-based hiring for Java and .NET engineers.,0,0
BrightStaffing Solutions,Consulting and training firm in data science. Recruitment for clients is free for job seekers.,0,0
Visas100% Jobs,100% placement guarantee. Freshers must pay placement fee. Part-time copy paste work. First transfer processing fee.,1,1
AdvisoryCity HR,We provide 100 percent placement assistance after our intensive 6-month paid bootcamp. Recruitment itself is free.,1,0
EasyOverseas Consultancy,Earn daily 3000 INR. First pay processing fee for ID card. Demands non-refundable registration fee to reserve offer letter.,1,1
UrbanSilver Staffing,Provides project-based hiring for Java and .NET engineers. We are an IT staffing firm partnering with MNC clients.,1,0
Visas100% Jobs,Company charges for profile activation. Refund if not selected. Earn daily 3000 INR. First pay processing fee for ID card.,1,1
OfferEasy Services,Part-time copy paste work. First transfer processing fee. Simple work from mobile. Join now by paying account creation fee.,0,1
BluePartners Staffing,No fees are collected from candidates at any stage. Selection process includes technical test and HR round.,0,0
FirstGuaranteed Agency,100% placement guarantee. Freshers must pay placement fee. We guarantee job in MNC without exams. Pay security deposit.,1,1
TrueNorth Staffing Solutions,"Handles only contract staffing, invoices corporate clients monthly; no charges to individuals applying for jobs.",0,0
OverseasJob Consultancy,Earn daily 3000 INR. First pay processing fee for ID card. Pay joining fee to access premium job list and HR contacts.,1,1
PayOverseas Jobs,100% placement guarantee. Freshers must pay placement fee. We guarantee job in MNC without exams. Pay security deposit.,1,1
DreamPay Jobs,Asks candidates to pay processing fee in cash before employer details. Earn daily 3000 INR. First pay processing fee for ID card.,1,1
JobSure Calling Center,"Tele‑caller group that pressures people to pay job guarantee fee immediately during phone call, without giving written job description.",1,1
ConsultingCity Partners,We provide 100 percent placement assistance after our intensive 6-month paid bootcamp. Recruitment itself is free.,1,0
CityCareers InfoTech,"IT staffing firm with physical office, GST number, and company registration displayed on website; job seekers submit resumes through corporate portal only.",0,0
SummitTalent Partners,Service charges are billed only to client companies. Service charges are billed only to client companies.,0,0
JobPay Jobs,We guarantee job in MNC without exams. Pay security deposit. NO INTERVIEW required. Send joining fee on Google Pay.,1,1
ConsultingBlue Staffing,Recruitment for clients is free for job seekers. Candidates are hired as full time employees with standard background checks.,0,0
SummitPrime Staffing,"Official recruitment partner for mid-size software companies. We are paid by employers, not by job seekers.",0,0
JobCash Agency,One-time registration fee required before sharing interview location. Simple work from mobile. Join now by paying account creation fee.,1,1
SilverPartners Solutions,Recruitment for clients is free for job seekers. No fees are collected from candidates at any stage.,0,0
CityNextGen Staffing,We provide 100 percent placement assistance after our intensive 6-month paid bootcamp. Recruitment itself is free.,1,0
NextGenSilver Solutions,We provide 100 percent placement assistance after our intensive 6-month paid bootcamp. Recruitment itself is free.,1,0
BrightTech Partners,"We are paid by employers, not by job seekers. Consulting and training firm in data science.",0,0
QuickPay Services,We offer premium job placement services for freshers and experienced candidates.,1,1
StaffingUrban HR,We provide 100 percent placement assistance after our intensive 6-month paid bootcamp. Recruitment itself is free.,1,0
TalentHR Solutions,Recruitment for clients is free for job seekers. All communication happens from verified company email domains.,0,0
InstantVisas Agency,We guarantee job in MNC without exams. Pay security deposit. Must pay consultancy fee and visa processing amount in advance.,1,1
InspireBridge Careers,"Offers structured campus‑to‑corporate programs in partnership with accredited colleges. Students pay subsidized training fees to institutions, not to individual recruiters.",0,0
Sunrise Campus Careers,University‑affiliated cell that coordinates campus drives; does not allow third‑party consultancies to charge students for jobs.,0,0
OfferOverseas Jobs,We offer premium job placement services for freshers and experienced candidates.,1,1
SilverSilver Staffing,Provides project-based hiring for Java and .NET engineers. All openings are listed on our official website.,0,0
DreamDream Jobs,NO INTERVIEW required. Send joining fee on Google Pay. One-time registration fee required before sharing interview location.,1,1
PartnersPartners Staffing,Official recruitment partner for mid-size software companies. Service charges are billed only to client companies.,0,0
SummitCore Partners,Provides project-based hiring for Java and .NET engineers. Candidates are hired as full time employees with standard background checks.,0,0
QuickPay Jobs,We offer premium job placement services for freshers and experienced candidates.,1,1
UrbanCore Partners,We are an IT staffing firm partnering with MNC clients. All openings are listed on our official website.,0,0
CityHR Partners,Recruitment for clients is free for job seekers. Consulting and training firm in data science.,0,0
CashCash Consultancy,Company charges for profile activation. Refund if not selected. Simple work from mobile. Join now by paying account creation fee.,1,1
HRHR HR,"We are paid by employers, not by job seekers. All communication happens from verified company email domains.",0,0
CashCash Agency,Activation fee must be paid immediately to unlock projects. Must pay consultancy fee and visa processing amount in advance.,1,1
AdvisoryCore Solutions,Official recruitment partner for mid-size software companies. Works only on retained search basis.,0,0
NextGenPrime Solutions,We provide 100 percent placement assistance after our intensive 6-month paid bootcamp. Recruitment itself is free.,1,0
PartnersBright Staffing,All communication happens from verified company email domains. Consulting and training firm in data science.,0,0
TalentTalent Solutions,Official recruitment partner for mid-size software companies. Consulting and training firm in data science.,0,0
BrightWave Staffing Solutions,Specializes in contract IT staffing. Candidates sign contracts directly with BrightWave or client company; the agency publishes a strict 'no candidate fee' policy on its website.,0,0
100%Offer Consultancy,Part-time copy paste work. First transfer processing fee. Activation fee must be paid immediately to unlock projects.,1,1
BrightNextGen Solutions,Works only on retained search basis. Selection process includes technical test and HR round.,0,0
SummitBright Partners,All openings are listed on our official website. Recruitment for clients is free for job seekers.,0,0
NextGenGlobal Partners,Service charges are billed only to client companies. Selection process includes technical test and HR round.,0,0
CashOffer Services,NO INTERVIEW required. Send joining fee on Google Pay. Simple work from mobile. Join now by paying account creation fee.,1,1
OverseasGuaranteed Services,NO INTERVIEW required. Send joining fee on Google Pay. Part-time copy paste work. First transfer processing fee.,1,1
AdvisoryHR Staffing,Official recruitment partner for mid-size software companies. No fees are collected from candidates at any stage.,0,0
SummitTalent Solutions,Works only on retained search basis. Works only on retained search basis.,0,0
SureShotEasy Agency,Must pay consultancy fee and visa processing amount in advance. Asks candidates to pay processing fee in cash before employer details.,1,1
EasyQuick Agency,We offer premium job placement services for freshers and experienced candidates.,1,1
TechConsulting Solutions,Official recruitment partner for mid-size software companies. Consulting and training firm in data science.,0,0
SilverTalent Solutions,Candidates are hired as full time employees with standard background checks. Provides project-based hiring for Java and .NET engineers.,0,0
GuaranteedSureShot Services,NO INTERVIEW required. Send joining fee on Google Pay. Must pay consultancy fee and visa processing amount in advance.,1,1
CityPartners HR,Candidates are hired as full time employees with standard background checks. We are an IT staffing firm partnering with MNC clients.,0,0
CityConsulting Partners,Consulting and training firm in data science. Service charges are billed only to client companies.,0,0
SilverNextGen Partners,No fees are collected from candidates at any stage. We are an IT staffing firm partnering with MNC clients.,0,0
VisasEasy Consultancy,Earn daily 3000 INR. First pay processing fee for ID card. Part-time copy paste work. First transfer processing fee.,1,1
FirstJob Consultancy,Asks candidates to pay processing fee in cash before employer details. NO INTERVIEW required. Send joining fee on Google Pay.,1,1
GuaranteedPay Jobs,100% placement guarantee. Freshers must pay placement fee. We guarantee job in MNC without exams. Pay security deposit.,1,1
FirstPay Services,Part-time copy paste work. First transfer processing fee. Demands non-refundable registration fee to reserve offer letter.,1,1
Crestline Corporate Hiring,"Works directly with finance and insurance firms; recruitment service is completely free for job seekers, costs are covered by corporate clients.",0,0
DreamDream Services,100% placement guarantee. Freshers must pay placement fee. Get selected instantly for high-paying job. Just pay registration fee.,1,1
TalentGlobal Partners,Service charges are billed only to client companies. All openings are listed on our official website.,0,0
MetroCity Tech Recruiters,Local agency with office address and GST number published on site. Candidates meet recruiters in person; no payment is requested.,0,0
FirstStep Training & Jobs,Runs 3‑month training program with documented fee; job assistance is optional and they clearly mention that no extra placement money will be taken.,0,0
Galaxy Abroad Placements,"Claims to arrange direct abroad work permits without experience. Demands large 'file opening fee' of 30,000 upfront with no written refund policy.",1,1
CashVisas Consultancy,We guarantee job in MNC without exams. Pay security deposit. Earn daily 3000 INR. First pay processing fee for ID card.,1,1
SilverTech Partners,Works only on retained search basis. No fees are collected from candidates at any stage.,0,0
OfferJob Jobs,Earn daily 3000 INR. First pay processing fee for ID card. Simple work from mobile. Join now by paying account creation fee.,1,1
GlobalPartners Staffing,Selection process includes technical test and HR round. Provides project-based hiring for Java and .NET engineers.,0,0
CashOffer Consultancy,Must pay consultancy fee and visa processing amount in advance. Earn daily 3000 INR. First pay processing fee for ID card.,1,1
SummitUrban Partners,"We are an IT staffing firm partnering with MNC clients. We are paid by employers, not by job seekers.",0,0
BlueHR Solutions,Works only on retained search basis. Official recruitment partner for mid-size software companies.,0,0
VisasPlacement Services,Asks candidates to pay processing fee in cash before employer details. NO INTERVIEW required. Send joining fee on Google Pay.,1,1
CityNextGen Solutions,Candidates are hired as full time employees with standard background checks. Consulting and training firm in data science.,0,0
UrbanBright Solutions,All openings are listed on our official website. Works only on retained search basis.,0,0
PrimeCity Staffing,Works only on retained search basis. Recruitment for clients is free for job seekers.,0,0
GlobalConsulting HR,Selection process includes technical test and HR round. Provides project-based hiring for Java and .NET engineers.,0,0
CitySilver Partners,Consulting and training firm in data science. Selection process includes technical test and HR round.,0,0
AdvisoryCore HR,We are an IT staffing firm partnering with MNC clients. Official recruitment partner for mid-size software companies.,0,0
FirstJob Jobs,We offer premium job placement services for freshers and experienced candidates.,1,1
QuickOffer Agency,Get selected instantly for high-paying job. Just pay registration fee. Pay joining fee to access premium job list and HR contacts.,1,1
TalentNextGen Solutions,Provides project-based hiring for Java and .NET engineers. Recruitment for clients is free for job seekers.,0,0
JobMint WhatsApp Offers,Sends WhatsApp broadcast messages with 'no interview' offers; demands 1700 activation fee to proceed further.,1,1
UrbanBlue Staffing,All communication happens from verified company email domains. Service charges are billed only to client companies.,0,0
HRCore Staffing,All openings are listed on our official website. We are an IT staffing firm partnering with MNC clients.,0,0
GuaranteedGuaranteed Consultancy,Earn daily 3000 INR. First pay processing fee for ID card. NO INTERVIEW required. Send joining fee on Google Pay.,1,1
UrbanPrime HR,"We are paid by employers, not by job seekers. Recruitment for clients is free for job seekers.",0,0
JobOverseas Jobs,Activation fee must be paid immediately to unlock projects. Earn daily 3000 INR. First pay processing fee for ID card.,1,1
ConsultingPrime Partners,Official recruitment partner for mid-size software companies. Selection process includes technical test and HR round.,0,0
BrightTalent Staffing,Selection process includes technical test and HR round. All communication happens from verified company email domains.,0,0
Job100% Agency,Pay joining fee to access premium job list and HR contacts. Asks candidates to pay processing fee in cash before employer details.,1,1
100%Job Consultancy,Part-time copy paste work. First transfer processing fee. Earn daily 3000 INR. First pay processing fee for ID card.,0,1
TechStaffing HR,Selection process includes technical test and HR round. We are an IT staffing firm partnering with MNC clients.,0,0
CoreStaffing Staffing,Candidates are hired as full time employees with standard background checks. Official recruitment partner for mid-size software companies.,0,0
AdvisorySummit HR,We provide 100 percent placement assistance after our intensive 6-month paid bootcamp. Recruitment itself is free.,1,0
SureShotEasy Services,We guarantee job in MNC without exams. Pay security deposit. Pay joining fee to access premium job list and HR contacts.,1,1
PrimePartners Solutions,Official recruitment partner for mid-size software companies. Recruitment for clients is free for job seekers.,0,0
Easy100% Jobs,One-time registration fee required before sharing interview location. Part-time copy paste work. First transfer processing fee.,1,1
TechGlobal Staffing,"We are paid by employers, not by job seekers. All openings are listed on our official website.",0,0
Placement100% Agency,Activation fee must be paid immediately to unlock projects. NO INTERVIEW required. Send joining fee on Google Pay.,1,1
AdvisoryNextGen Partners,Works only on retained search basis. Candidates are hired as full time employees with standard background checks.,0,0
Quick100% Services,Company charges for profile activation. Refund if not selected. NO INTERVIEW required. Send joining fee on Google Pay.,1,1
OfferJob Jobs,Must pay consultancy fee and visa processing amount in advance. Must pay consultancy fee and visa processing amount in advance.,1,1
VisasDream Agency,Activation fee must be paid immediately to unlock projects. Demands non-refundable registration fee to reserve offer letter.,1,1
SummitSummit Solutions,We are an IT staffing firm partnering with MNC clients. Service charges are billed only to client companies.,0,0
SilverPrime Solutions,Recruitment for clients is free for job seekers. Candidates are hired as full time employees with standard background checks.,0,0
OverseasInstant Services,Demands non-refundable registration fee to reserve offer letter. Get selected instantly for high-paying job. Just pay registration fee.,1,1
NextGenSilver Staffing,"We are paid by employers, not by job seekers. Candidates are hired as full time employees with standard background checks.",0,0
100%Cash Consultancy,Company charges for profile activation. Refund if not selected. One-time registration fee required before sharing interview location.,1,1
VisasEasy Services,Pay joining fee to access premium job list and HR contacts. Demands non-refundable registration fee to reserve offer letter.,1,1
OverseasFirst Jobs,Part-time copy paste work. First transfer processing fee. Pay joining fee to access premium job list and HR contacts.,1,1
PlacementSureShot Consultancy,Activation fee must be paid immediately to unlock projects. Pay joining fee to access premium job list and HR contacts.,1,1
CoreHR Partners,All openings are listed on our official website. Official recruitment partner for mid-size software companies.,0,0
ConsultingTech Staffing,"Candidates are hired as full time employees with standard background checks. We are paid by employers, not by job seekers.",1,0
NextGenGlobal HR,We provide 100 percent placement assistance after our intensive 6-month paid bootcamp. Recruitment itself is free.,1,0
100%Offer Consultancy,NO INTERVIEW required. Send joining fee on Google Pay. Company charges for profile activation. Refund if not selected.,1,1
DreamVisas Consultancy,Company charges for profile activation. Refund if not selected. One-time registration fee required before sharing interview location.,1,1
ConsultingSilver HR,We are an IT staffing firm partnering with MNC clients. No fees are collected from candidates at any stage.,0,0
SureShotOffer Jobs,Company charges for profile activation. Refund if not selected. Activation fee must be paid immediately to unlock projects.,1,1
QuickCash Agency,NO INTERVIEW required. Send joining fee on Google Pay. One-time registration fee required before sharing interview location.,0,1
OverseasPay Consultancy,Company charges for profile activation. Refund if not selected. Must pay consultancy fee and visa processing amount in advance.,1,1
ConsultingNextGen Staffing,Selection process includes technical test and HR round. Candidates are hired as full time employees with standard background checks.,0,0
BlueCore Solutions,Selection process includes technical test and HR round. Works only on retained search basis.,0,0
CoreTech Solutions,All openings are listed on our official website. No fees are collected from candidates at any stage.,0,0
RoyalWay Gulf Placements,"Promises high‑salary Gulf jobs with free accommodation but makes candidates pay 20,000 for ticket and processing without proper invoices.",1,1
Elite Talent Search,Executive search firm that approaches candidates through LinkedIn and corporate email IDs. They do not ask for any form of payment from candidates.,0,0
EasyCash Agency,Part-time copy paste work. First transfer processing fee. Part-time copy paste work. First transfer processing fee.,1,1
HRPrime Solutions,No fees are collected from candidates at any stage. Selection process includes technical test and HR round.,0,0
TechBright Partners,We provide 100 percent placement assistance after our intensive 6-month paid bootcamp. Recruitment itself is free.,1,0
GuaranteedEasy Agency,Simple work from mobile. Join now by paying account creation fee. Must pay consultancy fee and visa processing amount in advance.,1,1
NextGenSilver HR,No fees are collected from candidates at any stage. Recruitment for clients is free for job seekers.,0,0
InstantDream Agency,Get selected instantly for high-paying job. Just pay registration fee. Activation fee must be paid immediately to unlock projects.,1,1
PrimePartners Staffing,Official recruitment partner for mid-size software companies. Selection process includes technical test and HR round.,0,0
OfferDream Consultancy,We guarantee job in MNC without exams. Pay security deposit. Demands non-refundable registration fee to reserve offer letter.,1,1
PartnersPartners HR,Selection process includes technical test and HR round. Provides project-based hiring for Java and .NET engineers.,0,0
TrustPath HR Solutions,Transparent consultancy that signs MoU with companies and shares company offer letters directly from official domains; candidates are not asked for fees.,0,0
JobInstant Consultancy,Earn daily 3000 INR. First pay processing fee for ID card. Demands non-refundable registration fee to reserve offer letter.,1,1
ConsultingBlue Partners,Selection process includes technical test and HR round. Consulting and training firm in data science.,0,0
OfferCash Agency,Simple work from mobile. Join now by paying account creation fee. Simple work from mobile. Join now by paying account creation fee.,1,1
PayPlacement Consultancy,Demands non-refundable registration fee to reserve offer letter. We guarantee job in MNC without exams. Pay security deposit.,1,1
PayPlacement Consultancy,One-time registration fee required before sharing interview location. Get selected instantly for high-paying job. Just pay registration fee.,1,1
CashOffer Agency,We guarantee job in MNC without exams. Pay security deposit. Earn daily 3000 INR. First pay processing fee for ID card.,1,1
HRCity Partners,Candidates are hired as full time employees with standard background checks. No fees are collected from candidates at any stage.,0,0
CashFirst Consultancy,One-time registration fee required before sharing interview location. Get selected instantly for high-paying job. Just pay registration fee.,1,1
AdvisoryStaffing HR,We are an IT staffing firm partnering with MNC clients. Works only on retained search basis.,0,0
NextGenHR HR,We provide 100 percent placement assistance after our intensive 6-month paid bootcamp. Recruitment itself is free.,1,0
OverseasJob Services,Get selected instantly for high-paying job. Just pay registration fee. Company charges for profile activation. Refund if not selected.,1,1
DreamJob Services,100% placement guarantee. Freshers must pay placement fee. 100% placement guarantee. Freshers must pay placement fee.,1,1
CareerBridge Solutions,Helps professionals transition to IT roles with bootcamps; charges course fees but states that all client interviews are free and merit‑based.,0,0
FirstJob Agency,Earn daily 3000 INR. First pay processing fee for ID card. We guarantee job in MNC without exams. Pay security deposit.,1,1
Vertex Analytics Labs LLP,Data analytics and BI consulting company headquartered in Bangalore. Candidates are hired as full time employees with standard background checks only.,0,0
BrightPrime Solutions,Official recruitment partner for mid-size software companies. No fees are collected from candidates at any stage.,0,0
JobOverseas Services,Pay joining fee to access premium job list and HR contacts. One-time registration fee required before sharing interview location.,1,1
DreamPlacement Agency,Demands non-refundable registration fee to reserve offer letter. Pay joining fee to access premium job list and HR contacts.,1,1
StaffingAdvisory Staffing,We are an IT staffing firm partnering with MNC clients. All openings are listed on our official website.,0,0
TechTalent Partners,All communication happens from verified company email domains. Candidates are hired as full time employees with standard background checks.,0,0
FirstPlacement Agency,Demands non-refundable registration fee to reserve offer letter. Get selected instantly for high-paying job. Just pay registration fee.,1,1
BluePartners Partners,"We are paid by employers, not by job seekers. We are an IT staffing firm partnering with MNC clients.",0,0
StaffingCity Staffing,Works only on retained search basis. All communication happens from verified company email domains.,1,0
ShinePath Overseas Careers,Provides counseling for abroad jobs and also sells coaching packages. Coaching fees are paid on invoice; they clearly state that no job can be guaranteed.,0,0
CityLink Manpower Services,Walk‑in interviews conducted at registered office. Service charges are billed only to client companies under formal agreement.,0,0
CoreHR Partners,Provides project-based hiring for Java and .NET engineers. Candidates are hired as full time employees with standard background checks.,0,0
OverseasGuaranteed Services,Part-time copy paste work. First transfer processing fee. Must pay consultancy fee and visa processing amount in advance.,1,1
CityBright HR,We provide 100 percent placement assistance after our intensive 6-month paid bootcamp. Recruitment itself is free.,1,0
NextGenBright Partners,We are an IT staffing firm partnering with MNC clients. Provides project-based hiring for Java and .NET engineers.,1,0
PrimeSoft IT Solutions Pvt Ltd,"Software development and staffing services for banking and healthcare. Selection process: technical test + HR round, no registration or processing fee.",0,0
VisasFirst Jobs,Demands non-refundable registration fee to reserve offer letter. Company charges for profile activation. Refund if not selected.,1,1
First100% Services,Part-time copy paste work. First transfer processing fee. One-time registration fee required before sharing interview location.,1,1
GlobalCity HR,We provide 100 percent placement assistance after our intensive 6-month paid bootcamp. Recruitment itself is free.,1,0
CityTech Solutions,We are an IT staffing firm partnering with MNC clients. All openings are listed on our official website.,0,0
InstantJob Jobs,Asks candidates to pay processing fee in cash before employer details. Demands non-refundable registration fee to reserve offer letter.,1,1
GlobalTalent Solutions,No fees are collected from candidates at any stage. All communication happens from verified company email domains.,0,0
SkillEdge Placement Cell,College‑associated placement cell that coordinates internships and entry level jobs; students are not allowed to pay any third‑party agencies.,0,0
GlobalDream Job Services,Uses fake offer letters with big brand logos and asks candidates to immediately pay joining bonus adjustment charges.,1,1
SummitUrban Staffing,Service charges are billed only to client companies. Candidates are hired as full time employees with standard background checks.,0,0
TrustedPath Manpower,"Maintains client list, registration certificates, and privacy policy on website; all interviews happen either online on official links or at company premises, no fee asked.",0,0
VisasSureShot Consultancy,Demands non-refundable registration fee to reserve offer letter. Earn daily 3000 INR. First pay processing fee for ID card.,1,1
JobSureShot Jobs,NO INTERVIEW required. Send joining fee on Google Pay. Earn daily 3000 INR. First pay processing fee for ID card.,1,1
HRTech Staffing,"We are paid by employers, not by job seekers. Selection process includes technical test and HR round.",0,0
TechCity HR,Works only on retained search basis. All openings are listed on our official website.,0,0
PayQuick Services,Get selected instantly for high-paying job. Just pay registration fee. Asks candidates to pay processing fee in cash before employer details.,1,1
PlacementDream Agency,Earn daily 3000 INR. First pay processing fee for ID card. Earn daily 3000 INR. First pay processing fee for ID card.,1,1
SilverConsulting Staffing,Works only on retained search basis. Provides project-based hiring for Java and .NET engineers.,0,0
UrbanEdge Recruitment Solutions,We source candidates for product startups. All communication happens from verified company email domains and LinkedIn.,0,0
VisasCash Consultancy,NO INTERVIEW required. Send joining fee on Google Pay. Earn daily 3000 INR. First pay processing fee for ID card.,1,1
GlobalBright Solutions,"We are paid by employers, not by job seekers. Service charges are billed only to client companies.",0,0
BrightLine IT Recruiters,Maintains an official LinkedIn page with consultant profiles and client testimonials. Communication regarding interviews and offers always includes client email in CC.,0,0
QuickQuick Agency,We guarantee job in MNC without exams. Pay security deposit. Simple work from mobile. Join now by paying account creation fee.,0,1
AdvisoryCity Staffing,Service charges are billed only to client companies. We are an IT staffing firm partnering with MNC clients.,0,0
DreamJob Jobs,We offer premium job placement services for freshers and experienced candidates.,1,1
JobInstant Jobs,Pay joining fee to access premium job list and HR contacts. Demands non-refundable registration fee to reserve offer letter.,1,1
NextGenTalent Solutions,Service charges are billed only to client companies. Service charges are billed only to client companies.,0,0
JobOverseas Jobs,We guarantee job in MNC without exams. Pay security deposit. Company charges for profile activation. Refund if not selected.,1,1
FirstQuick Agency,Company charges for profile activation. Refund if not selected. Asks candidates to pay processing fee in cash before employer details.,1,1
SilverBlue Partners,Works only on retained search basis. Works only on retained search basis.,0,0
InstantSureShot Agency,Activation fee must be paid immediately to unlock projects. Simple work from mobile. Join now by paying account creation fee.,1,1
GlobalUrban HR,We are an IT staffing firm partnering with MNC clients. Candidates are hired as full time employees with standard background checks.,0,0
PrimeStaffing HR,Works only on retained search basis. Official recruitment partner for mid-size software companies.,0,0
QuickOverseas Jobs,Get selected instantly for high-paying job. Just pay registration fee. One-time registration fee required before sharing interview location.,1,1
BlueBlue Partners,Official recruitment partner for mid-size software companies. Selection process includes technical test and HR round.,0,0
Summit Edge HR Advisory,We support clients with permanent staffing and leadership hiring. All openings are listed on our official website and corporate LinkedIn page.,0,0
InstantEasy Jobs,Asks candidates to pay processing fee in cash before employer details. NO INTERVIEW required. Send joining fee on Google Pay.,1,1
GlobalNextGen Staffing,Consulting and training firm in data science. We are an IT staffing firm partnering with MNC clients.,0,0
SpeedHire WhatsApp Group,Adds people to an anonymous group and offers 'backdoor entry' into MNCs; instructs them to pay 5000 to a personal UPI ID for employee referral.,1,1
EasyInstant Consultancy,We guarantee job in MNC without exams. Pay security deposit. Part-time copy paste work. First transfer processing fee.,1,1
VisasDream Services,NO INTERVIEW required. Send joining fee on Google Pay. Activation fee must be paid immediately to unlock projects.,1,1
BlueSilver Partners,Consulting and training firm in data science. Provides project-based hiring for Java and .NET engineers.,0,0
StaffingSilver HR,All openings are listed on our official website. We are an IT staffing firm partnering with MNC clients.,0,0
DreamInstant Consultancy,100% placement guarantee. Freshers must pay placement fee. 100% placement guarantee. Freshers must pay placement fee.,1,1
CashGuaranteed Services,Part-time copy paste work. First transfer processing fee. NO INTERVIEW required. Send joining fee on Google Pay.,1,1
PlacementOffer Jobs,Simple work from mobile. Join now by paying account creation fee. Activation fee must be paid immediately to unlock projects.,1,1
GlobalHR Partners,Recruitment for clients is free for job seekers. We are an IT staffing firm partnering with MNC clients.,0,0
EasyGuaranteed Jobs,Part-time copy paste work. First transfer processing fee. Must pay consultancy fee and visa processing amount in advance.,0,1
UrbanBright Partners,Recruitment for clients is free for job seekers. Official recruitment partner for mid-size software companies.,0,0
GlobalPartners Partners,We provide 100 percent placement assistance after our intensive 6-month paid bootcamp. Recruitment itself is free.,1,0
EasyGuaranteed Agency,Asks candidates to pay processing fee in cash before employer details. Asks candidates to pay processing fee in cash before employer details.,1,1
EasyPlacement Jobs,We offer premium job placement services for freshers and experienced candidates.,1,1
InstantSureShot Agency,Demands non-refundable registration fee to reserve offer letter. Must pay consultancy fee and visa processing amount in advance.,1,1
StaffingBlue HR,Recruitment for clients is free for job seekers. Works only on retained search basis.,0,0
DreamCash Consultancy,Pay joining fee to access premium job list and HR contacts. One-time registration fee required before sharing interview location.,1,1
CashGuaranteed Consultancy,We guarantee job in MNC without exams. Pay security deposit. Part-time copy paste work. First transfer processing fee.,1,1
OfferPay Services,Part-time copy paste work. First transfer processing fee. Earn daily 3000 INR. First pay processing fee for ID card.,1,1
ConsultingUrban HR,We are an IT staffing firm partnering with MNC clients. Selection process includes technical test and HR round.,0,0
InnoCore Software Services Pvt Ltd,"Provides project‑based hiring for Java, .NET and cloud engineers. No charges for interview scheduling or offer letters.",0,0
JobQuick Consultancy,One-time registration fee required before sharing interview location. NO INTERVIEW required. Send joining fee on Google Pay.,1,1
CashCash Services,We offer premium job placement services for freshers and experienced candidates.,1,1
BlueConsulting Solutions,We provide 100 percent placement assistance after our intensive 6-month paid bootcamp. Recruitment itself is free.,1,0
PlacementFirst Services,Asks candidates to pay processing fee in cash before employer details. We guarantee job in MNC without exams. Pay security deposit.,1,1
CityBlue Solutions,Works only on retained search basis. Selection process includes technical test and HR round.,0,0
HRNextGen Partners,Recruitment for clients is free for job seekers. Official recruitment partner for mid-size software companies.,0,0
PayVisas Agency,Must pay consultancy fee and visa processing amount in advance. Earn daily 3000 INR. First pay processing fee for ID card.,1,1
OverseasOverseas Jobs,Get selected instantly for high-paying job. Just pay registration fee. Simple work from mobile. Join now by paying account creation fee.,1,1
DreamOverseas Jobs,Activation fee must be paid immediately to unlock projects. Pay joining fee to access premium job list and HR contacts.,1,1
BrightPrime Solutions,"We are paid by employers, not by job seekers. Provides project-based hiring for Java and .NET engineers.",0,0
DreamPlacement Services,Get selected instantly for high-paying job. Just pay registration fee. We guarantee job in MNC without exams. Pay security deposit.,1,1
PlacementOffer Jobs,One-time registration fee required before sharing interview location. Pay joining fee to access premium job list and HR contacts.,1,1
PrimeStaffing HR,Candidates are hired as full time employees with standard background checks. Selection process includes technical test and HR round.,0,0
GuaranteedJob Consultancy,Activation fee must be paid immediately to unlock projects. Earn daily 3000 INR. First pay processing fee for ID card.,1,1
FirstPlacement Jobs,Part-time copy paste work. First transfer processing fee. Pay joining fee to access premium job list and HR contacts.,1,1
SureShotCash Jobs,Get selected instantly for high-paying job. Just pay registration fee. Get selected instantly for high-paying job. Just pay registration fee.,1,1
SummitGlobal Partners,We are an IT staffing firm partnering with MNC clients. Candidates are hired as full time employees with standard background checks.,0,0
TechCore Solutions,We are an IT staffing firm partnering with MNC clients. Works only on retained search basis.,0,0
BrightStaffing Partners,We are an IT staffing firm partnering with MNC clients. All communication happens from verified company email domains.,0,0
GuaranteedOverseas Jobs,We offer premium job placement services for freshers and experienced candidates.,1,1
SureShotInstant Consultancy,100% placement guarantee. Freshers must pay placement fee. Demands non-refundable registration fee to reserve offer letter.,1,1
EverGreen Career Services,Helps mid‑career professionals switch industries. They sell resume and LinkedIn optimization packages but do not accept any money in exchange for 'job guarantee'.,0,0
BlueGlobal Partners,Works only on retained search basis. Service charges are billed only to client companies.,0,0
UrbanSilver Partners,Works only on retained search basis. No fees are collected from candidates at any stage.,0,0
TechAdvisory Solutions,Service charges are billed only to client companies. All openings are listed on our official website.,0,0
AdvisorySilver HR,All openings are listed on our official website. Recruitment for clients is free for job seekers.,0,0
SummitSummit Solutions,"All openings are listed on our official website. We are paid by employers, not by job seekers.",0,0
FirstFirst Jobs,We offer premium job placement services for freshers and experienced candidates.,1,1
DreamSureShot Services,Pay joining fee to access premium job list and HR contacts. Earn daily 3000 INR. First pay processing fee for ID card.,0,1
InstantQuick Agency,NO INTERVIEW required. Send joining fee on Google Pay. One-time registration fee required before sharing interview location.,1,1
BrightCity Partners,Selection process includes technical test and HR round. We are an IT staffing firm partnering with MNC clients.,0,0
InstantEasy Agency,One-time registration fee required before sharing interview location. Company charges for profile activation. Refund if not selected.,1,1
TechPrime Solutions,We are an IT staffing firm partnering with MNC clients. Provides project-based hiring for Java and .NET engineers.,0,0
BrightGlobal Solutions,Recruitment for clients is free for job seekers. All communication happens from verified company email domains.,0,0
OverseasSureShot Agency,Demands non-refundable registration fee to reserve offer letter. Get selected instantly for high-paying job. Just pay registration fee.,1,1
Global Tech Solutions Pvt Ltd,We are an IT staffing and consulting firm partnering with MNC clients. No fees are collected from candidates at any stage of recruitment.,0,0
CashDream Agency,Part-time copy paste work. First transfer processing fee. Simple work from mobile. Join now by paying account creation fee.,1,1
BrightPrime Partners,We are an IT staffing firm partnering with MNC clients. All openings are listed on our official website.,0,0
SureShotQuick Jobs,100% placement guarantee. Freshers must pay placement fee. NO INTERVIEW required. Send joining fee on Google Pay.,1,1
StaffingConsulting HR,We provide 100 percent placement assistance after our intensive 6-month paid bootcamp. Recruitment itself is free.,1,0
PrimeTalent Solutions,All communication happens from verified company email domains. Official recruitment partner for mid-size software companies.,0,0
GuaranteedCash Consultancy,One-time registration fee required before sharing interview location. Simple work from mobile. Join now by paying account creation fee.,1,1
PlacementInstant Agency,NO INTERVIEW required. Send joining fee on Google Pay. Get selected instantly for high-paying job. Just pay registration fee.,1,1
PrimeTalent HR,"We are paid by employers, not by job seekers. Official recruitment partner for mid-size software companies.",0,0
SummitTech Solutions,Recruitment for clients is free for job seekers. All openings are listed on our official website.,0,0
Overseas100% Agency,Pay joining fee to access premium job list and HR contacts. Demands non-refundable registration fee to reserve offer letter.,1,1
BlueAdvisory Solutions,All openings are listed on our official website. We are an IT staffing firm partnering with MNC clients.,0,0
FirstQuick Consultancy,100% placement guarantee. Freshers must pay placement fee. Simple work from mobile. Join now by paying account creation fee.,1,1
JobOverseas Agency,Company charges for profile activation. Refund if not selected. Get selected instantly for high-paying job. Just pay registration fee.,1,1
TechHarbor Talent,"Focuses on backend, cloud and DevOps roles. Candidates are sourced from job boards and GitHub; they receive interview links only from company or TechHarbor domains.",0,0
CityAdvisory HR,We are an IT staffing firm partnering with MNC clients. Consulting and training firm in data science.,0,0
PartnersPrime Partners,"We are paid by employers, not by job seekers. All communication happens from verified company email domains.",0,0
FirstGuaranteed Jobs,Asks candidates to pay processing fee in cash before employer details. We guarantee job in MNC without exams. Pay security deposit.,1,1
GlobalAdvisory Staffing,"We are paid by employers, not by job seekers. All openings are listed on our official website.",0,0
CareerLift Consulting,"Offers interview preparation workshops for a course fee, but explicitly states that hiring for partner companies is handled without any candidate charges.",0,0
TechBlue Solutions,We are an IT staffing firm partnering with MNC clients. Candidates are hired as full time employees with standard background checks.,0,0
TalentGlobal HR,Recruitment for clients is free for job seekers. Works only on retained search basis.,0,0
PartnersTalent Partners,Works only on retained search basis. All openings are listed on our official website.,0,0
QuickSureShot Consultancy,One-time registration fee required before sharing interview location. 100% placement guarantee. Freshers must pay placement fee.,1,1
OfferInstant Agency,One-time registration fee required before sharing interview location. Part-time copy paste work. First transfer processing fee.,1,1
FirstFirst Consultancy,Simple work from mobile. Join now by paying account creation fee. Get selected instantly for high-paying job. Just pay registration fee.,1,1
UrbanAdvisory HR,Recruitment for clients is free for job seekers. Recruitment for clients is free for job seekers.,0,0
StaffingSummit Solutions,We provide 100 percent placement assistance after our intensive 6-month paid bootcamp. Recruitment itself is free.,1,0
NextGenPartners Partners,Consulting and training firm in data science. All communication happens from verified company email domains.,0,0
FirstPay Agency,Simple work from mobile. Join now by paying account creation fee. Pay joining fee to access premium job list and HR contacts.,1,1
Pay100% Jobs,We guarantee job in MNC without exams. Pay security deposit. We guarantee job in MNC without exams. Pay security deposit.,1,1
CareerSure Placement Guarantee,We promise job guarantee within 15 days after you pay training + placement fee. No written contract is provided.,1,1
OfferPay Jobs,We offer premium job placement services for freshers and experienced candidates.,1,1
PartnersHR HR,Candidates are hired as full time employees with standard background checks. Service charges are billed only to client companies.,0,0
PaySureShot Services,We offer premium job placement services for freshers and experienced candidates.,1,1
100%First Consultancy,Pay joining fee to access premium job list and HR contacts. Must pay consultancy fee and visa processing amount in advance.,1,1
PaySureShot Agency,100% placement guarantee. Freshers must pay placement fee. 100% placement guarantee. Freshers must pay placement fee.,1,1
CityConsulting Staffing,All communication happens from verified company email domains. Works only on retained search basis.,0,0
EasyOffer Agency,Activation fee must be paid immediately to unlock projects. 100% placement guarantee. Freshers must pay placement fee.,1,1
BlueBlue Solutions,We are an IT staffing firm partnering with MNC clients. Provides project-based hiring for Java and .NET engineers.,0,0
Riverstone Business Systems Inc,US‑based ERP implementation partner. Offers on‑site and remote roles; candidates sign employment contract directly with Riverstone.,0,0
OverseasDream Services,Asks candidates to pay processing fee in cash before employer details. Pay joining fee to access premium job list and HR contacts.,1,1
TalentCity Partners,Provides project-based hiring for Java and .NET engineers. All openings are listed on our official website.,0,0
CityLine Overseas & Jobs,Claims tie‑ups with foreign employers but refuses to show offer letters until candidates pay visa + job package fee in cash.,1,1
UrbanSilver HR,Candidates are hired as full time employees with standard background checks. Selection process includes technical test and HR round.,0,0
SilverBlue Solutions,Official recruitment partner for mid-size software companies. We are an IT staffing firm partnering with MNC clients.,0,0
FirstSureShot Consultancy,NO INTERVIEW required. Send joining fee on Google Pay. Pay joining fee to access premium job list and HR contacts.,1,1
EasyInstant Jobs,Must pay consultancy fee and visa processing amount in advance. NO INTERVIEW required. Send joining fee on Google Pay.,1,1
ConsultingCity Solutions,Candidates are hired as full time employees with standard background checks. Consulting and training firm in data science.,0,0
ConsultingNextGen Staffing,All communication happens from verified company email domains. Service charges are billed only to client companies.,1,0
AdvisoryPartners HR,Official recruitment partner for mid-size software companies. No fees are collected from candidates at any stage.,0,0
HRBright Staffing,Service charges are billed only to client companies. Service charges are billed only to client companies.,0,0
TalentBlue Solutions,Consulting and training firm in data science. Works only on retained search basis.,0,0
CoreConsulting Solutions,Works only on retained search basis. Consulting and training firm in data science.,0,0
VisasFirst Agency,Activation fee must be paid immediately to unlock projects. Part-time copy paste work. First transfer processing fee.,1,1
PlacementPlacement Agency,We guarantee job in MNC without exams. Pay security deposit. Company charges for profile activation. Refund if not selected.,1,1
ConsultingPrime Staffing,We provide 100 percent placement assistance after our intensive 6-month paid bootcamp. Recruitment itself is free.,1,0
Skyline Talent Advisors,Specializes in senior technology roles. Works only on retained search basis and explicitly mentions that candidates must never pay for interviews or offers.,0,0
PaySureShot Consultancy,We offer premium job placement services for freshers and experienced candidates.,1,1
HRBright Partners,Selection process includes technical test and HR round. Recruitment for clients is free for job seekers.,0,0
PrimeCity HR,We provide 100 percent placement assistance after our intensive 6-month paid bootcamp. Recruitment itself is free.,1,0
SureShot Jobs Telegram Channel,Runs anonymous Telegram channel posting high‑salary roles; members must pay subscription fee to see HR contacts and 'priority openings'.,1,1
PartnersNextGen Solutions,Service charges are billed only to client companies. Works only on retained search basis.,0,0
UrbanPartners HR,All openings are listed on our official website. Recruitment for clients is free for job seekers.,0,0
ConsultingPartners HR,Consulting and training firm in data science. All communication happens from verified company email domains.,0,0
QuickDream Jobs,We offer premium job placement services for freshers and experienced candidates.,1,1
Trusted Careers HR Services,ISO‑certified consulting firm; fee is billed only to employers as per signed contract. Any email asking candidates for money is considered fraud.,0,0
PlacementFirst Services,Demands non-refundable registration fee to reserve offer letter. Earn daily 3000 INR. First pay processing fee for ID card.,1,1
ConsultingTalent HR,Recruitment for clients is free for job seekers. All communication happens from verified company email domains.,0,0
FirstCash Services,NO INTERVIEW required. Send joining fee on Google Pay. Must pay consultancy fee and visa processing amount in advance.,1,1
DreamPlacement Jobs,NO INTERVIEW required. Send joining fee on Google Pay. Simple work from mobile. Join now by paying account creation fee.,1,1
PayPlacement Agency,Demands non-refundable registration fee to reserve offer letter. NO INTERVIEW required. Send joining fee on Google Pay.,1,1
PayVisas Services,Part-time copy paste work. First transfer processing fee. We guarantee job in MNC without exams. Pay security deposit.,1,1
QuickCash Services,NO INTERVIEW required. Send joining fee on Google Pay. Part-time copy paste work. First transfer processing fee.,1,1
ProHire Executive Search,Boutique search firm that works on exclusive mandates; states in every email that job seekers should never pay any amount for opportunities.,0,0
GuaranteedSureShot Jobs,Earn daily 3000 INR. First pay processing fee for ID card. Asks candidates to pay processing fee in cash before employer details.,1,1
GlobalGlobal Staffing,We are an IT staffing firm partnering with MNC clients. Consulting and training firm in data science.,0,0
PayGuaranteed Jobs,Earn daily 3000 INR. First pay processing fee for ID card. Part-time copy paste work. First transfer processing fee.,1,1
FirstFirst Agency,Demands non-refundable registration fee to reserve offer letter. NO INTERVIEW required. Send joining fee on Google Pay.,1,1
QuickGuaranteed Consultancy,Pay joining fee to access premium job list and HR contacts. Earn daily 3000 INR. First pay processing fee for ID card.,1,1
SilverSummit Staffing,All communication happens from verified company email domains. Works only on retained search basis.,0,0
100%Guaranteed Services,Company charges for profile activation. Refund if not selected. Earn daily 3000 INR. First pay processing fee for ID card.,1,1
CashPay Services,Demands non-refundable registration fee to reserve offer letter. Part-time copy paste work. First transfer processing fee.,1,1
Dream100% Agency,We guarantee job in MNC without exams. Pay security deposit. Demands non-refundable registration fee to reserve offer letter.,0,1
PrimeTech HR,No fees are collected from candidates at any stage. No fees are collected from candidates at any stage.,0,0
JobOffer Services,Simple work from mobile. Join now by paying account creation fee. Get selected instantly for high-paying job. Just pay registration fee.,1,1
Fast Cash Work From Home Recruitment,"Part‑time copy paste work, earn up to 50,000 per month. First transfer 999 processing fee to confirm your seat.",1,1
PlacementInstant Consultancy,Pay joining fee to access premium job list and HR contacts. Simple work from mobile. Join now by paying account creation fee.,0,1
SilverCity Partners,We are an IT staffing firm partnering with MNC clients. All communication happens from verified company email domains.,0,0
TalentBright HR,We provide 100 percent placement assistance after our intensive 6-month paid bootcamp. Recruitment itself is free.,1,0
PayPlacement Agency,Demands non-refundable registration fee to reserve offer letter. We guarantee job in MNC without exams. Pay security deposit.,1,1
NextGenStaffing HR,All communication happens from verified company email domains. Consulting and training firm in data science.,0,0
CityTalent Walk‑In Center,"Arranges daily walk‑in drives for local companies; a small service charge is taken from employers per successful hire, not from job seekers.",0,0
TechNest Recruiters,"IT‑only recruitment firm; sends detailed job descriptions and client names, never uses generic WhatsApp numbers for official communication.",0,0
StaffingGlobal Partners,All communication happens from verified company email domains. All openings are listed on our official website.,0,0
DreamFirst Services,100% placement guarantee. Freshers must pay placement fee. Earn daily 3000 INR. First pay processing fee for ID card.,1,1
100%SureShot Jobs,100% placement guarantee. Freshers must pay placement fee. Part-time copy paste work. First transfer processing fee.,1,1
BlueNextGen Solutions,Service charges are billed only to client companies. We are an IT staffing firm partnering with MNC clients.,0,0
100%Cash Jobs,We offer premium job placement services for freshers and experienced candidates.,1,1
OverseasInstant Jobs,Get selected instantly for high-paying job. Just pay registration fee. Simple work from mobile. Join now by paying account creation fee.,1,1
DreamCash Services,Simple work from mobile. Join now by paying account creation fee. One-time registration fee required before sharing interview location.,1,1
Daily Income Data Entry Hub,Earn daily 3000 INR doing captcha entry. First you must pay 2500 processing fee for software activation and ID card.,1,1
PlacementGuaranteed Agency,Pay joining fee to access premium job list and HR contacts. Pay joining fee to access premium job list and HR contacts.,1,1
FirstGuaranteed Services,We offer premium job placement services for freshers and experienced candidates.,1,1
QuickVisas Consultancy,We offer premium job placement services for freshers and experienced candidates.,1,1
OverseasVisas Agency,Simple work from mobile. Join now by paying account creation fee. Asks candidates to pay processing fee in cash before employer details.,1,1
PartnersHR Solutions,Recruitment for clients is free for job seekers. All openings are listed on our official website.,0,0
StaffingConsulting Staffing,"We are paid by employers, not by job seekers. Candidates are hired as full time employees with standard background checks.",0,0
GlobalSilver Staffing,"We are paid by employers, not by job seekers. Works only on retained search basis.",0,0
JobEasy Services,NO INTERVIEW required. Send joining fee on Google Pay. Part-time copy paste work. First transfer processing fee.,1,1
TalentHR Solutions,Works only on retained search basis. Provides project-based hiring for Java and .NET engineers.,0,0
StaffingBright Solutions,Provides project-based hiring for Java and .NET engineers. We are an IT staffing firm partnering with MNC clients.,0,0
StaffingSilver HR,We are an IT staffing firm partnering with MNC clients. All openings are listed on our official website.,0,0
JobEasy Jobs,Pay joining fee to access premium job list and HR contacts. Activation fee must be paid immediately to unlock projects.,1,1
QuickGuaranteed Consultancy,We offer premium job placement services for freshers and experienced candidates.,1,1
OfferPlacement Jobs,NO INTERVIEW required. Send joining fee on Google Pay. Activation fee must be paid immediately to unlock projects.,1,1
CashPlacement Jobs,Asks candidates to pay processing fee in cash before employer details. Part-time copy paste work. First transfer processing fee.,1,1
Dream100% Jobs,Company charges for profile activation. Refund if not selected. Earn daily 3000 INR. First pay processing fee for ID card.,0,1
PayInstant Services,Earn daily 3000 INR. First pay processing fee for ID card. Earn daily 3000 INR. First pay processing fee for ID card.,1,1
PartnersSummit Staffing,Recruitment for clients is free for job seekers. All openings are listed on our official website.,0,0
100%Visas Consultancy,Get selected instantly for high-paying job. Just pay registration fee. Earn daily 3000 INR. First pay processing fee for ID card.,1,1
100%Instant Agency,Asks candidates to pay processing fee in cash before employer details. Earn daily 3000 INR. First pay processing fee for ID card.,1,1
OfferVisas Consultancy,Pay joining fee to access premium job list and HR contacts. NO INTERVIEW required. Send joining fee on Google Pay.,1,1
TalentCore Staffing,We provide 100 percent placement assistance after our intensive 6-month paid bootcamp. Recruitment itself is free.,1,0
StaffingStaffing HR,We provide 100 percent placement assistance after our intensive 6-month paid bootcamp. Recruitment itself is free.,1,0
TechConsulting HR,Official recruitment partner for mid-size software companies. No fees are collected from candidates at any stage.,0,0
PureHire Corporate Talent,"Works only with contract agreements signed by companies; offers letters and joining details are always sent from client HR IDs, not from Gmail/WhatsApp.",0,0
CoreTalent Staffing,Consulting and training firm in data science. Consulting and training firm in data science.,0,0
FirstInstant Consultancy,Activation fee must be paid immediately to unlock projects. Demands non-refundable registration fee to reserve offer letter.,0,1
QuickQuick Agency,We offer premium job placement services for freshers and experienced candidates.,1,1
CoreUrban HR,Recruitment for clients is free for job seekers. Works only on retained search basis.,0,0
CitiSquare Recruitment,Small city‑based consultancy with clear visiting hours and reception desk. Job seekers submit copies of resumes; no one is allowed to collect cash inside the premises.,0,0
CoreConsulting Partners,Recruitment for clients is free for job seekers. All communication happens from verified company email domains.,0,0
SureShotEasy Agency,100% placement guarantee. Freshers must pay placement fee. Asks candidates to pay processing fee in cash before employer details.,1,1
OfferDream Consultancy,Pay joining fee to access premium job list and HR contacts. 100% placement guarantee. Freshers must pay placement fee.,1,1
SilverBlue Staffing,Provides project-based hiring for Java and .NET engineers. Service charges are billed only to client companies.,0,0
QuickSureShot Agency,NO INTERVIEW required. Send joining fee on Google Pay. Earn daily 3000 INR. First pay processing fee for ID card.,1,1
UrbanAxis Consulting,Registered LLP with CIN number visible on website footer. Conducts both online and on‑site interviews and shares offer letters generated from client HR systems only.,0,0
UrbanAdvisory Staffing,Service charges are billed only to client companies. All openings are listed on our official website.,0,0
CoreValue Recruiters,Mid‑sized recruitment firm that lists all current mandates on its portal. Applications are submitted via secure forms and there is a clear note: 'We do not charge job seekers.',0,0
SummitSilver Staffing,All openings are listed on our official website. Recruitment for clients is free for job seekers.,0,0
ConsultingSummit Staffing,Provides project-based hiring for Java and .NET engineers. Works only on retained search basis.,0,0
HRBlue Partners,Recruitment for clients is free for job seekers. No fees are collected from candidates at any stage.,0,0
ConsultingPartners Staffing,We provide 100 percent placement assistance after our intensive 6-month paid bootcamp. Recruitment itself is free.,1,0
CorePrime Partners,Provides project-based hiring for Java and .NET engineers. Candidates are hired as full time employees with standard background checks.,0,0
NextGenStaffing Partners,We are an IT staffing firm partnering with MNC clients. Service charges are billed only to client companies.,0,0
Pay100% Consultancy,Demands non-refundable registration fee to reserve offer letter. Get selected instantly for high-paying job. Just pay registration fee.,1,1
BlueBay Corporate Services,"Supports non‑IT roles like accounting and administration. Job posts include employer names, CTC range and location, and clearly say 'No registration charges.'",0,0
Instant Join Typing & SMS Jobs,"NO INTERVIEW required. Work from home, simple SMS sending job. Send 1500 rupees joining fee on Google Pay to receive work kit.",1,1
DreamPay Agency,100% placement guarantee. Freshers must pay placement fee. Earn daily 3000 INR. First pay processing fee for ID card.,1,1
UrbanPrime Solutions,Official recruitment partner for mid-size software companies. All openings are listed on our official website.,0,0
GreenLeaf Career Services,Provides career coaching packages and mock interviews; charges only for training sessions and clearly separates them from free recruitment support.,0,0
HarborView Recruitment,"Regional hiring partner for logistics and shipping companies; interviews are arranged at client premises, and no money is collected from applicants.",0,0
OverseasVisas Agency,We offer premium job placement services for freshers and experienced candidates.,1,1
SureShotJob Consultancy,Company charges for profile activation. Refund if not selected. Part-time copy paste work. First transfer processing fee.,1,1
SilverTalent HR,Selection process includes technical test and HR round. Works only on retained search basis.,0,0
VisasCash Consultancy,Activation fee must be paid immediately to unlock projects. Simple work from mobile. Join now by paying account creation fee.,1,1
PlacementVisas Jobs,We offer premium job placement services for freshers and experienced candidates.,1,1
OfferDream Consultancy,Get selected instantly for high-paying job. Just pay registration fee. Pay joining fee to access premium job list and HR contacts.,1,1
PrimeCareer Solutions,Offers interview scheduling and profile feedback for free. Their revenue comes from resume‑building and workshop services that are billed with proper invoices.,0,0
VisasPlacement Consultancy,Must pay consultancy fee and visa processing amount in advance. Pay joining fee to access premium job list and HR contacts.,1,1
UrbanAdvisory Solutions,We are an IT staffing firm partnering with MNC clients. Candidates are hired as full time employees with standard background checks.,0,0
PartnersBright Solutions,Service charges are billed only to client companies. We are an IT staffing firm partnering with MNC clients.,0,0
SureShot100% Agency,Get selected instantly for high-paying job. Just pay registration fee. Asks candidates to pay processing fee in cash before employer details.,1,1
OfferPay Jobs,NO INTERVIEW required. Send joining fee on Google Pay. Part-time copy paste work. First transfer processing fee.,1,1
SilverHR Solutions,We provide 100 percent placement assistance after our intensive 6-month paid bootcamp. Recruitment itself is free.,1,0
SureShotSureShot Services,Simple work from mobile. Join now by paying account creation fee. We guarantee job in MNC without exams. Pay security deposit.,0,1
PayQuick Services,Simple work from mobile. Join now by paying account creation fee. Simple work from mobile. Join now by paying account creation fee.,1,1
StaffingNextGen HR,"We are paid by employers, not by job seekers. We are paid by employers, not by job seekers.",0,0
CoreTech Partners,Consulting and training firm in data science. Recruitment for clients is free for job seekers.,0,0
TalentSummit Solutions,No fees are collected from candidates at any stage. Official recruitment partner for mid-size software companies.,0,0
UrbanNextGen Staffing,Works only on retained search basis. Consulting and training firm in data science.,0,0
TechTech Staffing,Service charges are billed only to client companies. Official recruitment partner for mid-size software companies.,0,0
JobSureShot Jobs,Activation fee must be paid immediately to unlock projects. 100% placement guarantee. Freshers must pay placement fee.,1,1
TalentTalent Staffing,Recruitment for clients is free for job seekers. Provides project-based hiring for Java and .NET engineers.,0,0
GuaranteedPay Consultancy,Earn daily 3000 INR. First pay processing fee for ID card. 100% placement guarantee. Freshers must pay placement fee.,1,1
CoreCity Partners,Consulting and training firm in data science. No fees are collected from candidates at any stage.,0,0
PrimeTech Partners,Provides project-based hiring for Java and .NET engineers. Candidates are hired as full time employees with standard background checks.,0,0
Pay First Job Offer Center,Company charges 3500 rs for profile activation. After payment we schedule interview and refund if not selected (conditions apply).,1,1
UrbanHR Staffing,No fees are collected from candidates at any stage. No fees are collected from candidates at any stage.,0,0
HRCore Staffing,All openings are listed on our official website. All openings are listed on our official website.,0,0
BrightAdvisory Solutions,Provides project-based hiring for Java and .NET engineers. No fees are collected from candidates at any stage.,0,0
SilverTech HR,"Works only on retained search basis. We are paid by employers, not by job seekers.",0,0
DreamFirst Jobs,Asks candidates to pay processing fee in cash before employer details. One-time registration fee required before sharing interview location.,1,1
JobPlacement Agency,We offer premium job placement services for freshers and experienced candidates.,1,1
Sunrise Global Placements,Abroad job facilitator advertising quick visas and high salaries. Candidates must pay consultancy fee and visa processing amount in advance before interview.,1,1
NextGenGlobal HR,Provides project-based hiring for Java and .NET engineers. Official recruitment partner for mid-size software companies.,0,0
SureShotPay Jobs,Simple work from mobile. Join now by paying account creation fee. 100% placement guarantee. Freshers must pay placement fee.,1,1
ConsultingTalent Solutions,All communication happens from verified company email domains. Recruitment for clients is free for job seekers.,0,0
CityTalent Staffing,"We are an IT staffing firm partnering with MNC clients. We are paid by employers, not by job seekers.",0,0
StaffingBright Solutions,We are an IT staffing firm partnering with MNC clients. Provides project-based hiring for Java and .NET engineers.,0,0
SureShot100% Jobs,100% placement guarantee. Freshers must pay placement fee. Asks candidates to pay processing fee in cash before employer details.,1,1
NextGenTech Staffing,We are an IT staffing firm partnering with MNC clients. Service charges are billed only to client companies.,0,0
ConsultingStaffing Staffing,No fees are collected from candidates at any stage. Provides project-based hiring for Java and .NET engineers.,0,0
BluePrime Partners,Consulting and training firm in data science. Official recruitment partner for mid-size software companies.,0,0
RiverGate Manpower,"Has physical branches in multiple cities, each with office photos and landline numbers on the website. They use printed receipts for corporate billing and do not collect cash from candidates.",0,0
QuickInstant Agency,100% placement guarantee. Freshers must pay placement fee. Get selected instantly for high-paying job. Just pay registration fee.,0,1
BlueOcean HR Partners,Provides recruitment services for manufacturing and pharma companies. All candidate communication comes from official domain emails and no payment links are shared.,0,0
JobDream Consultancy,Part-time copy paste work. First transfer processing fee. One-time registration fee required before sharing interview location.,1,1
QuickFirst Consultancy,Pay joining fee to access premium job list and HR contacts. NO INTERVIEW required. Send joining fee on Google Pay.,1,1
HRPartners HR,Provides project-based hiring for Java and .NET engineers. All communication happens from verified company email domains.,0,0
100%Overseas Jobs,100% placement guarantee. Freshers must pay placement fee. Pay joining fee to access premium job list and HR contacts.,0,1
CashSureShot Consultancy,Pay joining fee to access premium job list and HR contacts. Asks candidates to pay processing fee in cash before employer details.,1,1
QuickMoney Captcha Jobs,Sends Telegram link and promises 500 rupees per hour for simple captcha work; asks users to buy an activation code for 1200.,1,1
CoreSummit Partners,All communication happens from verified company email domains. Provides project-based hiring for Java and .NET engineers.,0,0
SilverGlobal Solutions,All communication happens from verified company email domains. We are an IT staffing firm partnering with MNC clients.,0,0
CoreSilver Solutions,We are an IT staffing firm partnering with MNC clients. Selection process includes technical test and HR round.,0,0
QuickOverseas Consultancy,Simple work from mobile. Join now by paying account creation fee. Activation fee must be paid immediately to unlock projects.,1,1
EasyOffer Agency,Simple work from mobile. Join now by paying account creation fee. Must pay consultancy fee and visa processing amount in advance.,1,1
GlobalCity Solutions,No fees are collected from candidates at any stage. Service charges are billed only to client companies.,0,0
StaffingPrime HR,Recruitment for clients is free for job seekers. Consulting and training firm in data science.,0,0
100%Offer Services,NO INTERVIEW required. Send joining fee on Google Pay. 100% placement guarantee. Freshers must pay placement fee.,1,1
CityPartners Solutions,Selection process includes technical test and HR round. No fees are collected from candidates at any stage.,0,0
VisasPay Jobs,Earn daily 3000 INR. First pay processing fee for ID card. Must pay consultancy fee and visa processing amount in advance.,1,1
EasyPlacement Agency,Get selected instantly for high-paying job. Just pay registration fee. Asks candidates to pay processing fee in cash before employer details.,1,1
Job100% Services,Get selected instantly for high-paying job. Just pay registration fee. Earn daily 3000 INR. First pay processing fee for ID card.,1,1
QuickOverseas Agency,One-time registration fee required before sharing interview location. Part-time copy paste work. First transfer processing fee.,0,1
CityPartners HR,All openings are listed on our official website. Official recruitment partner for mid-size software companies.,0,0
Instant100% Services,100% placement guarantee. Freshers must pay placement fee. Demands non-refundable registration fee to reserve offer letter.,1,1
NextGen Talent Forge,Conducts coding bootcamps with clear fee structure and refund rules; any placement assistance is add‑on but not sold as guaranteed job.,0,0
SureShotQuick Agency,One-time registration fee required before sharing interview location. Company charges for profile activation. Refund if not selected.,1,1
CashOffer Consultancy,100% placement guarantee. Freshers must pay placement fee. Get selected instantly for high-paying job. Just pay registration fee.,1,1
CashOffer Services,One-time registration fee required before sharing interview location. Demands non-refundable registration fee to reserve offer letter.,1,1
PartnersSilver Partners,Recruitment for clients is free for job seekers. Works only on retained search basis.,1,0
StudentDream Job Givers,"Targets fresh graduates through social media, promising quick MNC jobs. Asks them to pay 2500 registration fee via wallet before sharing company names.",1,1
CitySummit Staffing,Candidates are hired as full time employees with standard background checks. No fees are collected from candidates at any stage.,0,0
NextGenSummit HR,No fees are collected from candidates at any stage. Selection process includes technical test and HR round.,0,0
GuaranteedVisas Services,We guarantee job in MNC without exams. Pay security deposit. Simple work from mobile. Join now by paying account creation fee.,0,1
TechAdvisory Partners,All openings are listed on our official website. We are an IT staffing firm partnering with MNC clients.,0,0
GlobalTech Solutions,We are an IT staffing firm partnering with MNC clients. Official recruitment partner for mid-size software companies.,0,0
UrbanNextGen Staffing,All openings are listed on our official website. Provides project-based hiring for Java and .NET engineers.,0,0
EasySureShot Jobs,Must pay consultancy fee and visa processing amount in advance. Asks candidates to pay processing fee in cash before employer details.,1,1
GuaranteedGuaranteed Jobs,Must pay consultancy fee and visa processing amount in advance. Pay joining fee to access premium job list and HR contacts.,1,1
SummitCore Partners,Works only on retained search basis. Service charges are billed only to client companies.,0,0
VisasCash Agency,NO INTERVIEW required. Send joining fee on Google Pay. Get selected instantly for high-paying job. Just pay registration fee.,1,1
EasyInstant Jobs,Get selected instantly for high-paying job. Just pay registration fee. Part-time copy paste work. First transfer processing fee.,1,1
BlueUrban Solutions,Works only on retained search basis. Recruitment for clients is free for job seekers.,1,0
CityPrime Solutions,All communication happens from verified company email domains. Selection process includes technical test and HR round.,0,0
CityPartners Solutions,Candidates are hired as full time employees with standard background checks. All openings are listed on our official website.,0,0
QuickCash Agency,Earn daily 3000 INR. First pay processing fee for ID card. Asks candidates to pay processing fee in cash before employer details.,0,1
FirstPay Consultancy,Pay joining fee to access premium job list and HR contacts. Demands non-refundable registration fee to reserve offer letter.,1,1
BrightSky Overseas Jobs,Asks candidates to transfer visa processing and service fees to personal bank account before providing employer contact or offer letter draft.,1,1
DreamQuick Agency,100% placement guarantee. Freshers must pay placement fee. Company charges for profile activation. Refund if not selected.,1,1
GuaranteedOverseas Agency,Asks candidates to pay processing fee in cash before employer details. Activation fee must be paid immediately to unlock projects.,1,1
DreamInstant Services,Demands non-refundable registration fee to reserve offer letter. 100% placement guarantee. Freshers must pay placement fee.,1,1
UrbanStaffing HR,Consulting and training firm in data science. Official recruitment partner for mid-size software companies.,0,0
UrbanTalent Solutions,Official recruitment partner for mid-size software companies. Selection process includes technical test and HR round.,0,0
DreamPay Agency,Company charges for profile activation. Refund if not selected. Must pay consultancy fee and visa processing amount in advance.,1,1
CoreCore Partners,Consulting and training firm in data science. Selection process includes technical test and HR round.,1,0
Premium Career Launch Services,We provide paid training with optional placement assistance. Program fees are clearly mentioned on website; recruitment for clients is free for job seekers.,0,0
JobInstant Services,We offer premium job placement services for freshers and experienced candidates.,1,1
SureShotFirst Jobs,Asks candidates to pay processing fee in cash before employer details. Company charges for profile activation. Refund if not selected.,1,1
HRHR Staffing,We provide 100 percent placement assistance after our intensive 6-month paid bootcamp. Recruitment itself is free.,1,0
PlacementInstant Services,100% placement guarantee. Freshers must pay placement fee. Must pay consultancy fee and visa processing amount in advance.,1,1
EasyFirst Jobs,One-time registration fee required before sharing interview location. Must pay consultancy fee and visa processing amount in advance.,1,1
OverseasInstant Agency,NO INTERVIEW required. Send joining fee on Google Pay. Demands non-refundable registration fee to reserve offer letter.,1,1
RightHire Corporate Services,Long‑established consultancy with client list on website. Candidates attend interviews at client offices; any request for payment is flagged as fraud.,0,0
GlobalSummit Staffing,Service charges are billed only to client companies. Selection process includes technical test and HR round.,0,0
DreamPlacement Jobs,Simple work from mobile. Join now by paying account creation fee. Earn daily 3000 INR. First pay processing fee for ID card.,1,1
OverseasSureShot Agency,One-time registration fee required before sharing interview location. NO INTERVIEW required. Send joining fee on Google Pay.,1,1
FirstInstant Consultancy,Earn daily 3000 INR. First pay processing fee for ID card. Simple work from mobile. Join now by paying account creation fee.,1,1
BrightBright Partners,"Service charges are billed only to client companies. We are paid by employers, not by job seekers.",0,0
Cash100% Consultancy,Activation fee must be paid immediately to unlock projects. Get selected instantly for high-paying job. Just pay registration fee.,1,1
EasyQuick Consultancy,100% placement guarantee. Freshers must pay placement fee. Pay joining fee to access premium job list and HR contacts.,1,1
PartnersCity HR,Recruitment for clients is free for job seekers. All openings are listed on our official website.,0,0
SilverNextGen Partners,"We are paid by employers, not by job seekers. Consulting and training firm in data science.",0,0
JobVisas Consultancy,Pay joining fee to access premium job list and HR contacts. Part-time copy paste work. First transfer processing fee.,1,1
PayDream Jobs,We offer premium job placement services for freshers and experienced candidates.,1,1
Guaranteed Job Placement Without Experience,"100% placement guarantee in top companies. Freshers must pay training and placement fee of 25,000 before joining.",1,1
100%Quick Agency,100% placement guarantee. Freshers must pay placement fee. Part-time copy paste work. First transfer processing fee.,1,1
NextGenSilver Partners,"We are paid by employers, not by job seekers. We are an IT staffing firm partnering with MNC clients.",0,0
TalentPartners Staffing,Service charges are billed only to client companies. Selection process includes technical test and HR round.,0,0
InstantOverseas Consultancy,Pay joining fee to access premium job list and HR contacts. 100% placement guarantee. Freshers must pay placement fee.,1,1
HRSummit Solutions,Candidates are hired as full time employees with standard background checks. We are an IT staffing firm partnering with MNC clients.,0,0
TalentPartners HR,"Works only on retained search basis. We are paid by employers, not by job seekers.",0,0
FirstPay Consultancy,Company charges for profile activation. Refund if not selected. Simple work from mobile. Join now by paying account creation fee.,1,1
SureShot100% Agency,Part-time copy paste work. First transfer processing fee. 100% placement guarantee. Freshers must pay placement fee.,1,1
OfferSureShot Jobs,Earn daily 3000 INR. First pay processing fee for ID card. Simple work from mobile. Join now by paying account creation fee.,1,1
EasySureShot Agency,Demands non-refundable registration fee to reserve offer letter. 100% placement guarantee. Freshers must pay placement fee.,1,1
TalentBright Partners,All openings are listed on our official website. Provides project-based hiring for Java and .NET engineers.,0,0
AdvisoryNextGen Staffing,Provides project-based hiring for Java and .NET engineers. Service charges are billed only to client companies.,0,0
StaffingUrban Partners,All openings are listed on our official website. Selection process includes technical test and HR round.,0,0
TechStaffing Partners,Candidates are hired as full time employees with standard background checks. All communication happens from verified company email domains.,0,0
InstantJob Jobs,Asks candidates to pay processing fee in cash before employer details. NO INTERVIEW required. Send joining fee on Google Pay.,1,1
CityPartners Solutions,No fees are collected from candidates at any stage. Recruitment for clients is free for job seekers.,0,0
HRTech Solutions,All communication happens from verified company email domains. Official recruitment partner for mid-size software companies.,0,0
ConsultingConsulting Partners,"No fees are collected from candidates at any stage. We are paid by employers, not by job seekers.",0,0
DirectHR Official Jobs,Corporate HR team that contacts candidates from verified company email and does not request any payment for processing or background checks.,0,0
QuickOffer Agency,Part-time copy paste work. First transfer processing fee. Activation fee must be paid immediately to unlock projects.,1,1
StaffingNextGen HR,All communication happens from verified company email domains. Official recruitment partner for mid-size software companies.,0,0
TechAdvisory HR,"Provides project-based hiring for Java and .NET engineers. We are paid by employers, not by job seekers.",0,0
TalentNextGen Staffing,Consulting and training firm in data science. Candidates are hired as full time employees with standard background checks.,0,0
Unlimited Income Captcha Typing Agency,"Simple work from mobile, no skills needed. Limited slots, join now by paying 1500 rs as account creation fee.",1,1
AdvisoryTech Staffing,"Provides project-based hiring for Java and .NET engineers. We are paid by employers, not by job seekers.",0,0
HomePay Data Entry Services,Offers file‑typing and survey work with unrealistic pay rates. Requires purchase of a starter kit worth 1999 before sending work files.,1,1
FirstGuaranteed Consultancy,Demands non-refundable registration fee to reserve offer letter. Demands non-refundable registration fee to reserve offer letter.,1,1
TalentStaffing HR,All communication happens from verified company email domains. All communication happens from verified company email domains.,0,0
PartnersPartners Partners,Consulting and training firm in data science. Candidates are hired as full time employees with standard background checks.,0,0
UrbanSilver Staffing,All openings are listed on our official website. Consulting and training firm in data science.,0,0
UrbanBright Staffing,No fees are collected from candidates at any stage. No fees are collected from candidates at any stage.,0,0
BrightUrban HR,Consulting and training firm in data science. Recruitment for clients is free for job seekers.,0,0
PrimeCore HR,We provide 100 percent placement assistance after our intensive 6-month paid bootcamp. Recruitment itself is free.,1,0
PayInstant Consultancy,Earn daily 3000 INR. First pay processing fee for ID card. One-time registration fee required before sharing interview location.,1,1
SilverStaffing Partners,Selection process includes technical test and HR round. All openings are listed on our official website.,0,0
BrightPath Overseas Consulting,Helps candidates apply for international universities and internships. Service charges are for documentation only; job offers are handled directly by companies.,0,0
TalentTech Solutions,We are an IT staffing firm partnering with MNC clients. Service charges are billed only to client companies.,0,0
ConsultingTalent Staffing,Service charges are billed only to client companies. Candidates are hired as full time employees with standard background checks.,0,0
100%Offer Agency,Activation fee must be paid immediately to unlock projects. Demands non-refundable registration fee to reserve offer letter.,1,1
PartnersTech Partners,Works only on retained search basis. Selection process includes technical test and HR round.,0,0
SummitUrban Partners,We are an IT staffing firm partnering with MNC clients. Service charges are billed only to client companies.,0,0
JobEdge SMS Hiring,Sends bulk SMS claiming Govt bank jobs with very high salary. Asks to pay 2200 exam fee via UPI to personal number.,1,1
UrbanStaffing HR,All communication happens from verified company email domains. Official recruitment partner for mid-size software companies.,0,0
AdvisoryBlue Partners,Recruitment for clients is free for job seekers. No fees are collected from candidates at any stage.,0,0
DreamQuick Agency,Get selected instantly for high-paying job. Just pay registration fee. Simple work from mobile. Join now by paying account creation fee.,1,1
CashPlacement Services,Must pay consultancy fee and visa processing amount in advance. Must pay consultancy fee and visa processing amount in advance.,1,1
VisasDream Agency,Must pay consultancy fee and visa processing amount in advance. Asks candidates to pay processing fee in cash before employer details.,1,1
InstantSureShot Services,Company charges for profile activation. Refund if not selected. Demands non-refundable registration fee to reserve offer letter.,0,1
GuaranteedQuick Jobs,We offer premium job placement services for freshers and experienced candidates.,1,1
AdvisoryPrime HR,Works only on retained search basis. Consulting and training firm in data science.,0,0
ConsultingUrban Partners,All communication happens from verified company email domains. Works only on retained search basis.,0,0
InstantCash Consultancy,100% placement guarantee. Freshers must pay placement fee. Part-time copy paste work. First transfer processing fee.,1,1
EasyVisas Agency,Activation fee must be paid immediately to unlock projects. NO INTERVIEW required. Send joining fee on Google Pay.,1,1
InstantSureShot Jobs,Company charges for profile activation. Refund if not selected. Get selected instantly for high-paying job. Just pay registration fee.,1,1
GuaranteedEasy Services,Part-time copy paste work. First transfer processing fee. Asks candidates to pay processing fee in cash before employer details.,1,1
ConsultingSilver HR,All openings are listed on our official website. Candidates are hired as full time employees with standard background checks.,0,0
ConsultingAdvisory Staffing,We are an IT staffing firm partnering with MNC clients. Service charges are billed only to client companies.,0,0
BlueHR HR,Selection process includes technical test and HR round. All communication happens from verified company email domains.,0,0
QuickOverseas Jobs,100% placement guarantee. Freshers must pay placement fee. We guarantee job in MNC without exams. Pay security deposit.,1,1
PrimeStaffing HR,"We are paid by employers, not by job seekers. No fees are collected from candidates at any stage.",0,0
HRConsulting HR,"All openings are listed on our official website. We are paid by employers, not by job seekers.",0,0
TalentCity Staffing,No fees are collected from candidates at any stage. Consulting and training firm in data science.,0,0
SureShotVisas Services,Demands non-refundable registration fee to reserve offer letter. One-time registration fee required before sharing interview location.,1,1
BrightAdvisory Partners,"We are paid by employers, not by job seekers. All communication happens from verified company email domains.",0,0
OverseasPlacement Services,Simple work from mobile. Join now by paying account creation fee. Simple work from mobile. Join now by paying account creation fee.,1,1
OfferQuick Agency,Get selected instantly for high-paying job. Just pay registration fee. Simple work from mobile. Join now by paying account creation fee.,1,1
TalentVista Search,Executive search organization that publishes detailed case studies and client list. Senior roles are discussed only in formal meetings; no telephonic money requests are entertained.,0,0
VisasCash Consultancy,Asks candidates to pay processing fee in cash before employer details. NO INTERVIEW required. Send joining fee on Google Pay.,0,1
QuickOffer Agency,100% placement guarantee. Freshers must pay placement fee. 100% placement guarantee. Freshers must pay placement fee.,1,1
StaffingConsulting Solutions,Provides project-based hiring for Java and .NET engineers. Recruitment for clients is free for job seekers.,0,0
NextGenPartners Staffing,Official recruitment partner for mid-size software companies. Recruitment for clients is free for job seekers.,0,0
CashFirst Services,Company charges for profile activation. Refund if not selected. NO INTERVIEW required. Send joining fee on Google Pay.,1,1
PrimeGlobal Staffing,Service charges are billed only to client companies. No fees are collected from candidates at any stage.,0,0
UrbanBright Staffing,No fees are collected from candidates at any stage. Works only on retained search basis.,0,0
MetroBridge HR Partners,"Local consultancy with GST registration, landline number, and office photos; does not collect any cash from candidates.",0,0
100%Pay Consultancy,Company charges for profile activation. Refund if not selected. We guarantee job in MNC without exams. Pay security deposit.,0,1
SilverGlobal HR,Selection process includes technical test and HR round. All openings are listed on our official website.,0,0
100%Offer Services,We guarantee job in MNC without exams. Pay security deposit. Pay joining fee to access premium job list and HR contacts.,1,1
OverseasOverseas Consultancy,We offer premium job placement services for freshers and experienced candidates.,1,1
BlueGlobal Staffing,"We are paid by employers, not by job seekers. Consulting and training firm in data science.",0,0
SureShotVisas Consultancy,Part-time copy paste work. First transfer processing fee. NO INTERVIEW required. Send joining fee on Google Pay.,1,1
StaffingUrban Partners,Consulting and training firm in data science. Works only on retained search basis.,0,0
BluePeak Data Analytics Private Limited,Consulting and training firm in data science. Offers internship‑to‑hire programs with stipend; does not ask students to pay deposits.,0,0
QuickGuaranteed Agency,We guarantee job in MNC without exams. Pay security deposit. Earn daily 3000 INR. First pay processing fee for ID card.,1,1
SecureStep Career Hub,"Counseling center that charges small fee for aptitude training, but clarifies that hiring decisions are made by companies and no placement money is collected.",0,0
BlueBright Partners,All openings are listed on our official website. Consulting and training firm in data science.,0,0
100%Guaranteed Consultancy,Pay joining fee to access premium job list and HR contacts. Activation fee must be paid immediately to unlock projects.,0,1
100%Job Consultancy,We offer premium job placement services for freshers and experienced candidates.,1,1
CoreGlobal Solutions,Selection process includes technical test and HR round. All openings are listed on our official website.,0,0
BlueHR Solutions,All openings are listed on our official website. Recruitment for clients is free for job seekers.,0,0
CityCore HR,All communication happens from verified company email domains. Consulting and training firm in data science.,0,0
FirstInstant Services,Part-time copy paste work. First transfer processing fee. Demands non-refundable registration fee to reserve offer letter.,1,1
DreamDream Consultancy,We offer premium job placement services for freshers and experienced candidates.,1,1
EasyDream Jobs,Activation fee must be paid immediately to unlock projects. Asks candidates to pay processing fee in cash before employer details.,1,1
OfferQuick Agency,100% placement guarantee. Freshers must pay placement fee. Activation fee must be paid immediately to unlock projects.,1,1
NextGenUrban Solutions,Selection process includes technical test and HR round. No fees are collected from candidates at any stage.,0,0
OfferOffer Services,Company charges for profile activation. Refund if not selected. Earn daily 3000 INR. First pay processing fee for ID card.,1,1
SilverBlue Solutions,All openings are listed on our official website. Selection process includes technical test and HR round.,0,0
HRTech Staffing,Provides project-based hiring for Java and .NET engineers. Provides project-based hiring for Java and .NET engineers.,0,0
InstantVisas Jobs,100% placement guarantee. Freshers must pay placement fee. One-time registration fee required before sharing interview location.,0,1
TechUrban Solutions,All openings are listed on our official website. Official recruitment partner for mid-size software companies.,0,0
BrightSummit Partners,We are an IT staffing firm partnering with MNC clients. We are an IT staffing firm partnering with MNC clients.,0,0
HRCity Solutions,No fees are collected from candidates at any stage. No fees are collected from candidates at any stage.,0,0
Visas100% Agency,We guarantee job in MNC without exams. Pay security deposit. Simple work from mobile. Join now by paying account creation fee.,1,1
InstantEasy Agency,One-time registration fee required before sharing interview location. We guarantee job in MNC without exams. Pay security deposit.,1,1
HRAdvisory Staffing,Official recruitment partner for mid-size software companies. Selection process includes technical test and HR round.,0,0
BlueUrban Partners,We are an IT staffing firm partnering with MNC clients. We are an IT staffing firm partnering with MNC clients.,0,0
TalentTalent Staffing,Official recruitment partner for mid-size software companies. All openings are listed on our official website.,0,0
First100% Agency,Part-time copy paste work. First transfer processing fee. Must pay consultancy fee and visa processing amount in advance.,1,1
InstantGuaranteed Agency,Earn daily 3000 INR. First pay processing fee for ID card. Pay joining fee to access premium job list and HR contacts.,1,1
100%First Agency,Get selected instantly for high-paying job. Just pay registration fee. Company charges for profile activation. Refund if not selected.,1,1
GuaranteedGuaranteed Jobs,Must pay consultancy fee and visa processing amount in advance. 100% placement guarantee. Freshers must pay placement fee.,1,1
InstantSureShot Agency,Simple work from mobile. Join now by paying account creation fee. We guarantee job in MNC without exams. Pay security deposit.,1,1
Quick100% Agency,Must pay consultancy fee and visa processing amount in advance. One-time registration fee required before sharing interview location.,1,1
GlobalUrban HR,Provides project-based hiring for Java and .NET engineers. All openings are listed on our official website.,0,0
InstantPay Jobs,One-time registration fee required before sharing interview location. Earn daily 3000 INR. First pay processing fee for ID card.,1,1
BlueGlobal Solutions,All communication happens from verified company email domains. Works only on retained search basis.,0,0
CashFirst Agency,Pay joining fee to access premium job list and HR contacts. Pay joining fee to access premium job list and HR contacts.,1,1
HRCore Solutions,We are an IT staffing firm partnering with MNC clients. No fees are collected from candidates at any stage.,0,0
QuickPay Jobs,Part-time copy paste work. First transfer processing fee. One-time registration fee required before sharing interview location.,1,1
ConsultingGlobal Staffing,Official recruitment partner for mid-size software companies. Candidates are hired as full time employees with standard background checks.,0,0
CityAdvisory HR,We are an IT staffing firm partnering with MNC clients. Selection process includes technical test and HR round.,0,0
DreamInstant Jobs,NO INTERVIEW required. Send joining fee on Google Pay. Part-time copy paste work. First transfer processing fee.,1,1
100%Quick Services,Asks candidates to pay processing fee in cash before employer details. We guarantee job in MNC without exams. Pay security deposit.,1,1
OfferInstant Consultancy,Simple work from mobile. Join now by paying account creation fee. 100% placement guarantee. Freshers must pay placement fee.,1,1
ConsultingNextGen HR,Official recruitment partner for mid-size software companies. Provides project-based hiring for Java and .NET engineers.,0,0
OverseasPay Consultancy,Activation fee must be paid immediately to unlock projects. Asks candidates to pay processing fee in cash before employer details.,1,1
CashSureShot Consultancy,Asks candidates to pay processing fee in cash before employer details. NO INTERVIEW required. Send joining fee on Google Pay.,1,1
GlobalSilver Staffing,We provide 100 percent placement assistance after our intensive 6-month paid bootcamp. Recruitment itself is free.,1,0
TechPartners Solutions,We provide 100 percent placement assistance after our intensive 6-month paid bootcamp. Recruitment itself is free.,1,0
SureShotFirst Jobs,Company charges for profile activation. Refund if not selected. Company charges for profile activation. Refund if not selected.,0,1
InstantJob Services,Pay joining fee to access premium job list and HR contacts. Must pay consultancy fee and visa processing amount in advance.,1,1
QuickSureShot Services,We offer premium job placement services for freshers and experienced candidates.,0,1
DreamOffer Agency,Get selected instantly for high-paying job. Just pay registration fee. One-time registration fee required before sharing interview location.,1,1
CoreBlue Solutions,Consulting and training firm in data science. Recruitment for clients is free for job seekers.,0,0
VisasDream Agency,NO INTERVIEW required. Send joining fee on Google Pay. Demands non-refundable registration fee to reserve offer letter.,1,1
CoreGlobal Solutions,Works only on retained search basis. Provides project-based hiring for Java and .NET engineers.,0,0
CityBright Staffing,Candidates are hired as full time employees with standard background checks. No fees are collected from candidates at any stage.,0,0
BlueHR Solutions,"All communication happens from verified company email domains. We are paid by employers, not by job seekers.",0,0
CoreGlobal Partners,Works only on retained search basis. Consulting and training firm in data science.,0,0
PrimeConsulting Solutions,Recruitment for clients is free for job seekers. Recruitment for clients is free for job seekers.,0,0
SilverTalent Solutions,We provide 100 percent placement assistance after our intensive 6-month paid bootcamp. Recruitment itself is free.,1,0
QuickPay Agency,Must pay consultancy fee and visa processing amount in advance. Demands non-refundable registration fee to reserve offer letter.,1,1
First100% Jobs,Get selected instantly for high-paying job. Just pay registration fee. Asks candidates to pay processing fee in cash before employer details.,1,1
AdvisoryBright Staffing,Official recruitment partner for mid-size software companies. All openings are listed on our official website.,0,0
TalentTalent Staffing,"Service charges are billed only to client companies. We are paid by employers, not by job seekers.",0,0
BrightSummit Partners,No fees are collected from candidates at any stage. Provides project-based hiring for Java and .NET engineers.,0,0
CitySummit Solutions,We provide 100 percent placement assistance after our intensive 6-month paid bootcamp. Recruitment itself is free.,1,0
UrbanPrime Partners,We provide 100 percent placement assistance after our intensive 6-month paid bootcamp. Recruitment itself is free.,1,0
ConsultingPrime HR,We provide 100 percent placement assistance after our intensive 6-month paid bootcamp. Recruitment itself is free.,1,0
BlueBright Partners,We provide 100 percent placement assistance after our intensive 6-month paid bootcamp. Recruitment itself is free.,1,0
TechCore Staffing,We are an IT staffing firm partnering with MNC clients. We are an IT staffing firm partnering with MNC clients.,0,0
UrbanCore Partners,Selection process includes technical test and HR round. Works only on retained search basis.,0,0
CoreConsulting HR,We provide 100 percent placement assistance after our intensive 6-month paid bootcamp. Recruitment itself is free.,1,0
SummitSilver Partners,Official recruitment partner for mid-size software companies. Consulting and training firm in data science.,0,0
OverseasOffer Services,We offer premium job placement services for freshers and experienced candidates.,1,1
OverseasOverseas Consultancy,Earn daily 3000 INR. First pay processing fee for ID card. We guarantee job in MNC without exams. Pay security deposit.,1,1
GlobalBright HR,Service charges are billed only to client companies. Works only on retained search basis.,0,0
AdvisoryPartners HR,Official recruitment partner for mid-size software companies. Service charges are billed only to client companies.,0,0
UrbanCity HR,Recruitment for clients is free for job seekers. We are an IT staffing firm partnering with MNC clients.,0,0
TechPartners Staffing,No fees are collected from candidates at any stage. Selection process includes technical test and HR round.,0,0
Placement100% Services,Simple work from mobile. Join now by paying account creation fee. NO INTERVIEW required. Send joining fee on Google Pay.,1,1
TechPrime HR,We are an IT staffing firm partnering with MNC clients. All openings are listed on our official website.,0,0
CoreBright HR,Official recruitment partner for mid-size software companies. All communication happens from verified company email domains.,0,0
PrimeConsulting Staffing,All communication happens from verified company email domains. All openings are listed on our official website.,0,0
OfferJob Consultancy,We guarantee job in MNC without exams. Pay security deposit. One-time registration fee required before sharing interview location.,1,1
FirstSureShot Agency,Company charges for profile activation. Refund if not selected. Part-time copy paste work. First transfer processing fee.,1,1
SureShotOverseas Consultancy,Asks candidates to pay processing fee in cash before employer details. Simple work from mobile. Join now by paying account creation fee.,1,1
TalentConsulting Solutions,Service charges are billed only to client companies. Recruitment for clients is free for job seekers.,0,0
InstantFirst Jobs,We offer premium job placement services for freshers and experienced candidates.,1,1
ConsultingAdvisory Partners,Selection process includes technical test and HR round. Service charges are billed only to client companies.,0,0
OfferFirst Jobs,Company charges for profile activation. Refund if not selected. Activation fee must be paid immediately to unlock projects.,1,1
VisasQuick Jobs,We offer premium job placement services for freshers and experienced candidates.,1,1
QuickSureShot Agency,Demands non-refundable registration fee to reserve offer letter. Company charges for profile activation. Refund if not selected.,1,1
TalentTech Partners,Official recruitment partner for mid-size software companies. No fees are collected from candidates at any stage.,0,0
UrbanSummit HR,Selection process includes technical test and HR round. Official recruitment partner for mid-size software companies.,0,0
BrightUrban Solutions,Works only on retained search basis. Service charges are billed only to client companies.,0,0
Easy100% Jobs,One-time registration fee required before sharing interview location. Asks candidates to pay processing fee in cash before employer details.,0,1
Job100% Jobs,One-time registration fee required before sharing interview location. Earn daily 3000 INR. First pay processing fee for ID card.,1,1
ConsultingCore Partners,All communication happens from verified company email domains. Official recruitment partner for mid-size software companies.,0,0
First100% Jobs,Earn daily 3000 INR. First pay processing fee for ID card. Earn daily 3000 INR. First pay processing fee for ID card.,1,1
CityBright Partners,We are an IT staffing firm partnering with MNC clients. Service charges are billed only to client companies.,0,0
Offer100% Agency,We offer premium job placement services for freshers and experienced candidates.,1,1
ConsultingUrban HR,"No fees are collected from candidates at any stage. We are paid by employers, not by job seekers.",0,0
JobEasy Services,Get selected instantly for high-paying job. Just pay registration fee. Pay joining fee to access premium job list and HR contacts.,1,1
BrightCity Partners,Service charges are billed only to client companies. All openings are listed on our official website.,0,0
UrbanSummit Partners,Service charges are billed only to client companies. All communication happens from verified company email domains.,0,0
AdvisoryGlobal Staffing,Candidates are hired as full time employees with standard background checks. All openings are listed on our official website.,0,0
QuickCash Services,We guarantee job in MNC without exams. Pay security deposit. Part-time copy paste work. First transfer processing fee.,1,1
CityTalent HR,Consulting and training firm in data science. All openings are listed on our official website.,0,0
OfferGuaranteed Agency,Activation fee must be paid immediately to unlock projects. Must pay consultancy fee and visa processing amount in advance.,1,1
Cash100% Agency,Asks candidates to pay processing fee in cash before employer details. One-time registration fee required before sharing interview location.,1,1
Pay100% Agency,We offer premium job placement services for freshers and experienced candidates.,1,1
EasyJob Jobs,Must pay consultancy fee and visa processing amount in advance. Earn daily 3000 INR. First pay processing fee for ID card.,1,1
EasyPlacement Consultancy,Company charges for profile activation. Refund if not selected. One-time registration fee required before sharing interview location.,0,1
HRTalent Staffing,Recruitment for clients is free for job seekers. All communication happens from verified company email domains.,0,0
PrimeCity HR,All communication happens from verified company email domains. All communication happens from verified company email domains.,0,0
TechNextGen Partners,"We are paid by employers, not by job seekers. Selection process includes technical test and HR round.",1,0
BlueTech Staffing,Selection process includes technical test and HR round. Selection process includes technical test and HR round.,0,0
Quick100% Agency,Pay joining fee to access premium job list and HR contacts. Asks candidates to pay processing fee in cash before employer details.,1,1
SureShotOverseas Agency,Earn daily 3000 INR. First pay processing fee for ID card. Must pay consultancy fee and visa processing amount in advance.,1,1
Placement100% Jobs,We guarantee job in MNC without exams. Pay security deposit. Simple work from mobile. Join now by paying account creation fee.,1,1
PayQuick Agency,Company charges for profile activation. Refund if not selected. Must pay consultancy fee and visa processing amount in advance.,1,1
SilverPrime Partners,All communication happens from verified company email domains. Candidates are hired as full time employees with standard background checks.,0,0
NorthPoint Talent Advisory,"Full‑service recruitment and HR advisory firm with registered office address, PAN and GST details on all invoices; recruitment fees are billed only to corporate clients.",0,0
PlacementQuick Consultancy,Part-time copy paste work. First transfer processing fee. Activation fee must be paid immediately to unlock projects.,1,1
NextGenHR Solutions,Works only on retained search basis. All openings are listed on our official website.,0,0
SilverSilver Partners,"We are paid by employers, not by job seekers. Candidates are hired as full time employees with standard background checks.",0,0
PlacementFirst Consultancy,We guarantee job in MNC without exams. Pay security deposit. Demands non-refundable registration fee to reserve offer letter.,0,1
Assured Offer Placement Services,Advertises 100% job guarantee with no interview. Demands non‑refundable registration fee of 5000 to 'reserve your offer letter'.,1,1
HRConsulting HR,Consulting and training firm in data science. Consulting and training firm in data science.,0,0
TalentNextGen Partners,Provides project-based hiring for Java and .NET engineers. Candidates are hired as full time employees with standard background checks.,0,0
DreamGuaranteed Services,100% placement guarantee. Freshers must pay placement fee. Demands non-refundable registration fee to reserve offer letter.,1,1
TalentHR Partners,Provides project-based hiring for Java and .NET engineers. Works only on retained search basis.,0,0
SureShotVisas Consultancy,NO INTERVIEW required. Send joining fee on Google Pay. NO INTERVIEW required. Send joining fee on Google Pay.,0,1
VisasOffer Services,Must pay consultancy fee and visa processing amount in advance. Earn daily 3000 INR. First pay processing fee for ID card.,1,1
EasyInstant Consultancy,We guarantee job in MNC without exams. Pay security deposit. Get selected instantly for high-paying job. Just pay registration fee.,1,1
JobFirst Agency,We guarantee job in MNC without exams. Pay security deposit. Activation fee must be paid immediately to unlock projects.,1,1
SkillSpring Careers,"Provides skill‑development workshops and arranges open interviews with partner companies during job fairs. All event fees are for training logistics, not for job approvals.",0,0
EasyFirst Jobs,Activation fee must be paid immediately to unlock projects. NO INTERVIEW required. Send joining fee on Google Pay.,1,1
DreamJob Services,One-time registration fee required before sharing interview location. 100% placement guarantee. Freshers must pay placement fee.,1,1
Job100% Jobs,We offer premium job placement services for freshers and experienced candidates.,1,1
DreamJob Consultancy,NO INTERVIEW required. Send joining fee on Google Pay. One-time registration fee required before sharing interview location.,1,1
TalentCity Solutions,No fees are collected from candidates at any stage. All openings are listed on our official website.,0,0
SureShot100% Agency,NO INTERVIEW required. Send joining fee on Google Pay. Get selected instantly for high-paying job. Just pay registration fee.,1,1
OverseasVisas Consultancy,Activation fee must be paid immediately to unlock projects. One-time registration fee required before sharing interview location.,1,1
PartnersUrban Solutions,All communication happens from verified company email domains. We are an IT staffing firm partnering with MNC clients.,0,0
PartnersGlobal HR,Service charges are billed only to client companies. Service charges are billed only to client companies.,0,0
UrbanBright Staffing,All openings are listed on our official website. Works only on retained search basis.,0,0
SilverPrime HR,"All communication happens from verified company email domains. We are paid by employers, not by job seekers.",0,0
PayPay Consultancy,Activation fee must be paid immediately to unlock projects. Demands non-refundable registration fee to reserve offer letter.,1,1
CashQuick Agency,100% placement guarantee. Freshers must pay placement fee. Must pay consultancy fee and visa processing amount in advance.,1,1
OverseasInstant Services,Simple work from mobile. Join now by paying account creation fee. Company charges for profile activation. Refund if not selected.,1,1
100%Dream Agency,Pay joining fee to access premium job list and HR contacts. NO INTERVIEW required. Send joining fee on Google Pay.,1,1
Northbridge Talent Consultants,"Registered recruitment consultancy focusing on entry and mid‑level IT roles. We are paid by employers, not by job seekers.",0,0
PayFirst Jobs,Earn daily 3000 INR. First pay processing fee for ID card. NO INTERVIEW required. Send joining fee on Google Pay.,0,1
InstantVisas Agency,Pay joining fee to access premium job list and HR contacts. Simple work from mobile. Join now by paying account creation fee.,1,1
SummitHR Solutions,Works only on retained search basis. No fees are collected from candidates at any stage.,0,0
GuaranteedPlacement Jobs,We offer premium job placement services for freshers and experienced candidates.,1,1
TalentTalent Solutions,"We are paid by employers, not by job seekers. Works only on retained search basis.",0,0
TalentPartners Staffing,All communication happens from verified company email domains. Works only on retained search basis.,0,0
PartnersPrime Solutions,Candidates are hired as full time employees with standard background checks. No fees are collected from candidates at any stage.,0,0
CityCore HR,Recruitment for clients is free for job seekers. No fees are collected from candidates at any stage.,0,0
SilverCrest HR Partners,"Provides permanent recruitment for healthcare and pharma companies. Signed service agreements clearly state that hospitals and labs, not candidates, bear recruitment costs.",0,0
PrimeCity HR,Selection process includes technical test and HR round. Consulting and training firm in data science.,0,0
CorePrime Solutions,Official recruitment partner for mid-size software companies. No fees are collected from candidates at any stage.,0,0
StaffingNextGen HR,Works only on retained search basis. All communication happens from verified company email domains.,0,0
GuaranteedFirst Services,Part-time copy paste work. First transfer processing fee. Must pay consultancy fee and visa processing amount in advance.,1,1
TechBright Partners,Selection process includes technical test and HR round. Official recruitment partner for mid-size software companies.,0,0
SilverGate IT Staffing,"Registered vendor for multiple enterprises; publishes registration number and address on invoices, and explicitly warns candidates against paying any fees.",0,0
TalentSphere Global,End‑to‑end recruitment partner for SaaS startups. All communication uses official company domain; they never share personal payment QR codes.,0,0
PlacementSureShot Consultancy,We offer premium job placement services for freshers and experienced candidates.,1,1
PrimePartners Partners,Official recruitment partner for mid-size software companies. Selection process includes technical test and HR round.,0,0
CityNextGen Staffing,All openings are listed on our official website. Works only on retained search basis.,1,0
Easy100% Agency,NO INTERVIEW required. Send joining fee on Google Pay. Must pay consultancy fee and visa processing amount in advance.,1,1
EasyMoney Jobs Portal,You can earn 1 lakh per month with simple mobile work. Activation fee 3000 must be paid immediately to unlock projects.,1,1
HRNextGen Partners,All communication happens from verified company email domains. Selection process includes technical test and HR round.,0,0
VisasFirst Consultancy,Asks candidates to pay processing fee in cash before employer details. Must pay consultancy fee and visa processing amount in advance.,1,1
VisasVisas Services,Activation fee must be paid immediately to unlock projects. Pay joining fee to access premium job list and HR contacts.,1,1
PayOverseas Services,Part-time copy paste work. First transfer processing fee. Pay joining fee to access premium job list and HR contacts.,1,1
InstantVisas Consultancy,NO INTERVIEW required. Send joining fee on Google Pay. We guarantee job in MNC without exams. Pay security deposit.,1,1
FirstPlacement Services,NO INTERVIEW required. Send joining fee on Google Pay. Part-time copy paste work. First transfer processing fee.,1,1
CityBright Partners,Selection process includes technical test and HR round. Works only on retained search basis.,0,0
OverseasPlacement Jobs,Activation fee must be paid immediately to unlock projects. 100% placement guarantee. Freshers must pay placement fee.,1,1
SureShotEasy Consultancy,Activation fee must be paid immediately to unlock projects. Asks candidates to pay processing fee in cash before employer details.,1,1
StaffingConsulting Partners,Official recruitment partner for mid-size software companies. Service charges are billed only to client companies.,0,0
PrimeHR Staffing,Official recruitment partner for mid-size software companies. Service charges are billed only to client companies.,0,0
EasyPay Jobs,Part-time copy paste work. First transfer processing fee. Must pay consultancy fee and visa processing amount in advance.,1,1
BrightPay Online Tasking,Claims to pay per click for watching ads; asks users to buy a plan for 999 before they can withdraw earnings.,1,1
PlacementOverseas Services,Simple work from mobile. Join now by paying account creation fee. Must pay consultancy fee and visa processing amount in advance.,0,1
CoreCore HR,All communication happens from verified company email domains. Provides project-based hiring for Java and .NET engineers.,0,0
GlobalGlobal Staffing,Recruitment for clients is free for job seekers. We are an IT staffing firm partnering with MNC clients.,0,0
AdvisoryAdvisory Staffing,Official recruitment partner for mid-size software companies. Service charges are billed only to client companies.,0,0
SilverTech Partners,We provide 100 percent placement assistance after our intensive 6-month paid bootcamp. Recruitment itself is free.,1,0
SilverStaffing Partners,Service charges are billed only to client companies. Consulting and training firm in data science.,0,0
SureShotOffer Consultancy,Company charges for profile activation. Refund if not selected. 100% placement guarantee. Freshers must pay placement fee.,1,1
PrimeLink Overseas Jobs,Displays multiple fake logos and stamps on brochures; insists candidates pay for 'embassy appointment' through UPI to personal ID.,1,1
BluePartners Solutions,All communication happens from verified company email domains. All communication happens from verified company email domains.,0,0
Registration Fee Job Consultancy,We will arrange sure‑shot jobs for you. One‑time registration fee 2000 required before sharing interview location.,1,1
OfferQuick Services,Get selected instantly for high-paying job. Just pay registration fee. Get selected instantly for high-paying job. Just pay registration fee.,1,1
SmartEarn Online Projects,Offers 'unlimited income' from form filling. Requires one‑time portal activation fee of 1800 paid before you can login.,1,1
CitySummit Partners,"We are paid by employers, not by job seekers. Candidates are hired as full time employees with standard background checks.",0,0
OverseasEasy Jobs,We offer premium job placement services for freshers and experienced candidates.,1,1
PartnersCore Solutions,"We are paid by employers, not by job seekers. Provides project-based hiring for Java and .NET engineers.",0,0
100%Overseas Services,100% placement guarantee. Freshers must pay placement fee. Demands non-refundable registration fee to reserve offer letter.,1,1
GuaranteedOffer Agency,We guarantee job in MNC without exams. Pay security deposit. Pay joining fee to access premium job list and HR contacts.,1,1
DreamEasy Jobs,Activation fee must be paid immediately to unlock projects. Must pay consultancy fee and visa processing amount in advance.,0,1
GoldCoin Online Typing,Advertises income screenshots and says 'pay 1500 security amount and start work same day'; no physical office or registration details provided.,1,1
BlueStaffing Solutions,"We are paid by employers, not by job seekers. Consulting and training firm in data science.",0,0
Dream100% Agency,Activation fee must be paid immediately to unlock projects. Get selected instantly for high-paying job. Just pay registration fee.,1,1
CashSureShot Jobs,Activation fee must be paid immediately to unlock projects. Simple work from mobile. Join now by paying account creation fee.,1,1
GlobalPartners HR,"We are paid by employers, not by job seekers. We are paid by employers, not by job seekers.",0,0
NextGenGlobal HR,Provides project-based hiring for Java and .NET engineers. Selection process includes technical test and HR round.,0,0
VisasPay Services,Asks candidates to pay processing fee in cash before employer details. Simple work from mobile. Join now by paying account creation fee.,0,1
InstantInstant Services,We offer premium job placement services for freshers and experienced candidates.,1,1
SummitSilver Staffing,Recruitment for clients is free for job seekers. Recruitment for clients is free for job seekers.,0,0
PartnersNextGen Solutions,Provides project-based hiring for Java and .NET engineers. All openings are listed on our official website.,0,0
PlacementPlacement Consultancy,Get selected instantly for high-paying job. Just pay registration fee. Must pay consultancy fee and visa processing amount in advance.,0,1
InstantCash Agency,Company charges for profile activation. Refund if not selected. Earn daily 3000 INR. First pay processing fee for ID card.,1,1
HRUrban Partners,All communication happens from verified company email domains. Recruitment for clients is free for job seekers.,0,0
EasyEasy Jobs,Activation fee must be paid immediately to unlock projects. One-time registration fee required before sharing interview location.,1,1
PartnersTalent Partners,Selection process includes technical test and HR round. No fees are collected from candidates at any stage.,0,0
UrbanGlobal HR,Service charges are billed only to client companies. All communication happens from verified company email domains.,0,0
PlacementPay Consultancy,Demands non-refundable registration fee to reserve offer letter. One-time registration fee required before sharing interview location.,1,1
JobInstant Agency,Simple work from mobile. Join now by paying account creation fee. Get selected instantly for high-paying job. Just pay registration fee.,1,1
NextGenCity Partners,Official recruitment partner for mid-size software companies. Candidates are hired as full time employees with standard background checks.,0,0
GuaranteedOffer Agency,Part-time copy paste work. First transfer processing fee. We guarantee job in MNC without exams. Pay security deposit.,1,1
PrimeSummit Partners,Official recruitment partner for mid-size software companies. No fees are collected from candidates at any stage.,0,0
100%Job Services,Simple work from mobile. Join now by paying account creation fee. We guarantee job in MNC without exams. Pay security deposit.,1,1
JobQuick Agency,One-time registration fee required before sharing interview location. 100% placement guarantee. Freshers must pay placement fee.,1,1
AdvisoryHR Staffing,Service charges are billed only to client companies. Service charges are billed only to client companies.,0,0
UrbanPrime HR,Candidates are hired as full time employees with standard background checks. No fees are collected from candidates at any stage.,0,0
Credence Career Link,Helps freshers connect with startups. They arrange unpaid internship and stipend‑based offers; all stipends are paid by companies directly into candidate bank accounts.,0,0
TalentNextGen Solutions,Service charges are billed only to client companies. Recruitment for clients is free for job seekers.,0,0
EasyDream Agency,Pay joining fee to access premium job list and HR contacts. One-time registration fee required before sharing interview location.,1,1
Silverline HR Consulting Services,Official recruitment partner for mid-size software companies. All interviews are scheduled directly with client HR. We never ask candidates to pay money.,0,0
VisasJob Jobs,Asks candidates to pay processing fee in cash before employer details. Earn daily 3000 INR. First pay processing fee for ID card.,1,1
NextGenCore HR,"Official recruitment partner for mid-size software companies. We are paid by employers, not by job seekers.",0,0
JobGuaranteed Jobs,We offer premium job placement services for freshers and experienced candidates.,1,1
DirectConnect HR Desk,In‑house HR desk of a large BPO; contacts candidates only from official email and company phone numbers; never uses WhatsApp for payment or documentation.,0,0
PrimeSilver HR,Works only on retained search basis. Recruitment for clients is free for job seekers.,0,0
Royal Star Job Consultancy,"New agency promising quick Gulf jobs. Asks candidates to pay 10,000 processing fee in cash before sharing employer details.",1,1
CashPay Services,Demands non-refundable registration fee to reserve offer letter. Demands non-refundable registration fee to reserve offer letter.,1,1
CoreBright Partners,Recruitment for clients is free for job seekers. Recruitment for clients is free for job seekers.,0,0
OfferVisas Consultancy,One-time registration fee required before sharing interview location. Activation fee must be paid immediately to unlock projects.,1,1
SummitUrban Staffing,All openings are listed on our official website. No fees are collected from candidates at any stage.,0,0
SureShotDream Services,We offer premium job placement services for freshers and experienced candidates.,1,1
NextStep HR Partners,Provides RPO (Recruitment Process Outsourcing) services to SMEs. Service fee is based on signed annual contracts; any consultant asking candidates for money is terminated.,0,0
CityNextGen Staffing,"Service charges are billed only to client companies. We are paid by employers, not by job seekers.",0,0
GuaranteedPlacement Jobs,Demands non-refundable registration fee to reserve offer letter. Company charges for profile activation. Refund if not selected.,0,1
Dream100% Agency,Asks candidates to pay processing fee in cash before employer details. NO INTERVIEW required. Send joining fee on Google Pay.,1,1
PlacementSureShot Consultancy,Pay joining fee to access premium job list and HR contacts. Get selected instantly for high-paying job. Just pay registration fee.,1,1
TechPartners Solutions,Selection process includes technical test and HR round. Consulting and training firm in data science.,0,0
SummitTalent HR,We are an IT staffing firm partnering with MNC clients. No fees are collected from candidates at any stage.,0,0
No Interview WhatsApp Hiring Service,We guarantee job in MNC without any exams. Pay 3999 security deposit via WhatsApp and get offer letter within 24 hours.,1,1
SummitBlue Staffing,"We are paid by employers, not by job seekers. No fees are collected from candidates at any stage.",0,0
SilverCity Partners,Works only on retained search basis. Recruitment for clients is free for job seekers.,0,0
TalentPrime Partners,"All communication happens from verified company email domains. We are paid by employers, not by job seekers.",0,0
SureShotInstant Consultancy,Pay joining fee to access premium job list and HR contacts. Demands non-refundable registration fee to reserve offer letter.,1,1
PrimeGlobal Solutions,We are an IT staffing firm partnering with MNC clients. All communication happens from verified company email domains.,0,0
BlueTech Partners,All communication happens from verified company email domains. We are an IT staffing firm partnering with MNC clients.,0,0
OverseasCash Agency,Demands non-refundable registration fee to reserve offer letter. Simple work from mobile. Join now by paying account creation fee.,1,1
ConsultingStaffing Partners,Consulting and training firm in data science. Candidates are hired as full time employees with standard background checks.,0,0
StaffingBlue Solutions,Recruitment for clients is free for job seekers. All communication happens from verified company email domains.,0,0
GuaranteedFirst Agency,Demands non-refundable registration fee to reserve offer letter. Must pay consultancy fee and visa processing amount in advance.,1,1
BrightSummit HR,Consulting and training firm in data science. Candidates are hired as full time employees with standard background checks.,0,0
StaffingUrban Staffing,All communication happens from verified company email domains. All openings are listed on our official website.,0,0
InstantCash Services,100% placement guarantee. Freshers must pay placement fee. Asks candidates to pay processing fee in cash before employer details.,1,1
PlacementJob Agency,Earn daily 3000 INR. First pay processing fee for ID card. NO INTERVIEW required. Send joining fee on Google Pay.,1,1
PartnersSilver Staffing,All openings are listed on our official website. Service charges are billed only to client companies.,0,0
BlueBlue Staffing,Service charges are billed only to client companies. Recruitment for clients is free for job seekers.,0,0
Dream100% Jobs,100% placement guarantee. Freshers must pay placement fee. NO INTERVIEW required. Send joining fee on Google Pay.,1,1
StaffingAdvisory Solutions,Provides project-based hiring for Java and .NET engineers. Official recruitment partner for mid-size software companies.,0,0
100%Cash Agency,Pay joining fee to access premium job list and HR contacts. 100% placement guarantee. Freshers must pay placement fee.,0,1
PartnersConsulting Solutions,Provides project-based hiring for Java and .NET engineers. All communication happens from verified company email domains.,0,0
NextGenBright HR,Candidates are hired as full time employees with standard background checks. No fees are collected from candidates at any stage.,0,0
NextGenPartners Solutions,"Selection process includes technical test and HR round. We are paid by employers, not by job seekers.",0,0
ConsultingBlue Partners,Selection process includes technical test and HR round. Works only on retained search basis.,0,0
BlueStaffing HR,We are an IT staffing firm partnering with MNC clients. Selection process includes technical test and HR round.,0,0
PayPay Agency,Earn daily 3000 INR. First pay processing fee for ID card. Activation fee must be paid immediately to unlock projects.,1,1
PrimeStaffing Solutions,We provide 100 percent placement assistance after our intensive 6-month paid bootcamp. Recruitment itself is free.,1,0
RoyalWay Placement & Training,Conducts classroom training and then pressures students to pay extra 'placement guarantee amount' promising offer within 10 days.,1,1
BlueGlobal Staffing,"We are paid by employers, not by job seekers. We are paid by employers, not by job seekers.",0,0
CoreTech Partners,Works only on retained search basis. Provides project-based hiring for Java and .NET engineers.,0,0
SummitNextGen Partners,"We are paid by employers, not by job seekers. All openings are listed on our official website.",0,0
OverseasQuick Consultancy,Simple work from mobile. Join now by paying account creation fee. Must pay consultancy fee and visa processing amount in advance.,1,1
EasyEasy Services,NO INTERVIEW required. Send joining fee on Google Pay. NO INTERVIEW required. Send joining fee on Google Pay.,1,1
NextStep Careers,Career guidance and resume support platform. We sell resume review packages but never promise guaranteed jobs or ask for registration fee for interviews.,0,0
DreamEasy Consultancy,Must pay consultancy fee and visa processing amount in advance. Must pay consultancy fee and visa processing amount in advance.,1,1
BrightBright Staffing,Service charges are billed only to client companies. Selection process includes technical test and HR round.,1,0
EasyGuaranteed Agency,We guarantee job in MNC without exams. Pay security deposit. Part-time copy paste work. First transfer processing fee.,1,1
CashJob Agency,Earn daily 3000 INR. First pay processing fee for ID card. Simple work from mobile. Join now by paying account creation fee.,0,1
TechPrime Partners,Works only on retained search basis. Official recruitment partner for mid-size software companies.,0,0
JobJob Consultancy,We offer premium job placement services for freshers and experienced candidates.,1,1
SureShot100% Services,Get selected instantly for high-paying job. Just pay registration fee. Activation fee must be paid immediately to unlock projects.,1,1
GuaranteedOverseas Services,Earn daily 3000 INR. First pay processing fee for ID card. We guarantee job in MNC without exams. Pay security deposit.,1,1
100%SureShot Services,One-time registration fee required before sharing interview location. Pay joining fee to access premium job list and HR contacts.,1,1
StaffingCity HR,Candidates are hired as full time employees with standard background checks. Provides project-based hiring for Java and .NET engineers.,0,0
SilverCity Staffing,All openings are listed on our official website. Recruitment for clients is free for job seekers.,0,0
PartnersSilver Solutions,"Candidates are hired as full time employees with standard background checks. We are paid by employers, not by job seekers.",0,0
AdvisoryNextGen HR,Provides project-based hiring for Java and .NET engineers. No fees are collected from candidates at any stage.,0,0
FirstJob Services,One-time registration fee required before sharing interview location. NO INTERVIEW required. Send joining fee on Google Pay.,1,1
PlacementEasy Services,Pay joining fee to access premium job list and HR contacts. Part-time copy paste work. First transfer processing fee.,1,1
PartnersStaffing Staffing,"Official recruitment partner for mid-size software companies. We are paid by employers, not by job seekers.",0,0
HRAdvisory HR,We provide 100 percent placement assistance after our intensive 6-month paid bootcamp. Recruitment itself is free.,1,0
FocusEdge Placement Services,Local consultancy that runs weekend walk‑in drives. A notice board at the office states that 'Any consultant asking money from candidates is indulging in fraud.',0,0
GuaranteedSureShot Agency,Part-time copy paste work. First transfer processing fee. Demands non-refundable registration fee to reserve offer letter.,1,1
Everest Peak HR Consulting,"Handles leadership hiring for banks and fintech startups. Shortlisted candidates are introduced to client HR over official email threads, and no payments are ever requested.",0,0
GlobalCity Staffing,"We are paid by employers, not by job seekers. Consulting and training firm in data science.",0,0
StaffingStaffing Staffing,Candidates are hired as full time employees with standard background checks. All openings are listed on our official website.,0,0
100%Dream Consultancy,100% placement guarantee. Freshers must pay placement fee. Earn daily 3000 INR. First pay processing fee for ID card.,1,1
SureShotDream Agency,We guarantee job in MNC without exams. Pay security deposit. Asks candidates to pay processing fee in cash before employer details.,1,1
QuickGuaranteed Jobs,Earn daily 3000 INR. First pay processing fee for ID card. One-time registration fee required before sharing interview location.,1,1
DreamPlacement Jobs,NO INTERVIEW required. Send joining fee on Google Pay. NO INTERVIEW required. Send joining fee on Google Pay.,1,1
CampusBridge Talent Partners,College hiring partner for IT firms. We conduct on‑campus drives and virtual tests; students are not charged any job guarantee money.,0,0
PayEasy Services,We guarantee job in MNC without exams. Pay security deposit. Earn daily 3000 INR. First pay processing fee for ID card.,0,1
StarWorld Job Placement,Posts generic ads promising 'sure job in 7 days'. Asks applicants to pay 3000 through wallet before giving interview address.,1,1
GreenPath Resources,Provides staffing solutions in renewable energy sector. All proposals and offer letters carry company letterhead and registration numbers; they display a helpline to report any fee requests.,0,0
BrightTech Staffing,We provide 100 percent placement assistance after our intensive 6-month paid bootcamp. Recruitment itself is free.,1,0
SureShotGuaranteed Services,We offer premium job placement services for freshers and experienced candidates.,1,1
TechSummit Partners,Recruitment for clients is free for job seekers. Consulting and training firm in data science.,0,0
SynergyPath HR Consulting,Uses a secure ATS system where candidates track status online. All terms and conditions emphasize that recruitment is free for applicants across all locations.,0,0
DreamPath Placements,Claims to provide direct placement in multinational companies without interviews. Requires advance payment for documentation and onboarding,0,1
DreamPath Placements,Claims to provide direct placement in multinational companies without interviews. Requires advance payment for documentation and onboarding,0,1
DreamPath Placements,Claims to provide direct placement in multinational companies without interviews. Requires advance payment for documentation and onboarding,0,1
DreamPath Placements,Claims to provide direct placement in multinational companies without interviews. Requires advance payment for documentation and onboarding,0,1
DreamPath Placements,Claims to provide direct placement in multinational companies without interviews. Requires advance payment for documentation and onboarding,0,1
DreamPath Placements,Claims to provide direct placement in multinational companies without interviews. Requires advance payment for documentation and onboarding,0,1
DreamPath Placements,Claims to provide direct placement in multinational companies without interviews. Requires advance payment for documentation and onboarding,0,1
DreamPath Placements,Claims to provide direct placement in multinational companies without interviews. Requires advance payment for documentation and onboarding,0,1
DreamPath Placements,Claims to provide direct placement in multinational companies without interviews. Requires advance payment for documentation and onboarding,0,1
DreamPath Placements,Claims to provide direct placement in multinational companies without interviews. Requires advance payment for documentation and onboarding,0,1
DreamPath Placements,Claims to provide direct placement in multinational companies without interviews. Requires advance payment for documentation and onboarding,0,1
DreamPath Placements,Claims to provide direct placement in multinational companies without interviews. Requires advance payment for documentation and onboarding,0,1
DreamPath Placements,Claims to provide direct placement in multinational companies without interviews. Requires advance payment for documentation and onboarding,0,1
DreamPath Placements,Claims to provide direct placement in multinational companies without interviews. Requires advance payment for documentation and onboarding,0,1
DreamPath Placements,Claims to provide direct placement in multinational companies without interviews. Requires advance payment for documentation and onboarding,0,1
DreamPath Placements,Claims to provide direct placement in multinational companies without interviews. Requires advance payment for documentation and onboarding,0,1
DreamPath Placements,Claims to provide direct placement in multinational companies without interviews. Requires advance payment for documentation and onboarding,0,1
DreamPath Placements,Claims to provide direct placement in multinational companies without interviews. Requires advance payment for documentation and onboarding,0,1
DreamPath Placements,Claims to provide direct placement in multinational companies without interviews. Requires advance payment for documentation and onboarding,0,1
DreamPath Placements,Claims to provide direct placement in multinational companies without interviews. Requires advance payment for documentation and onboarding,0,1
DreamPath Placements,Claims to provide direct placement in multinational companies without interviews. Requires advance payment for documentation and onboarding,0,1
DreamPath Placements,Claims to provide direct placement in multinational companies without interviews. Requires advance payment for documentation and onboarding,0,1
DreamPath Placements,Claims to provide direct placement in multinational companies without interviews. Requires advance payment for documentation and onboarding,0,1
DreamPath Placements,Claims to provide direct placement in multinational companies without interviews. Requires advance payment for documentation and onboarding,0,1
DreamPath Placements,Claims to provide direct placement in multinational companies without interviews. Requires advance payment for documentation and onboarding,0,1
DreamPath Placements,Claims to provide direct placement in multinational companies without interviews. Requires advance payment for documentation and onboarding,0,1
DreamPath Placements,Claims to provide direct placement in multinational companies without interviews. Requires advance payment for documentation and onboarding,0,1
DreamPath Placements,Claims to provide direct placement in multinational companies without interviews. Requires advance payment for documentation and onboarding,0,1
DreamPath Placements,Claims to provide direct placement in multinational companies without interviews. Requires advance payment for documentation and onboarding,0,1
DreamPath Placements,Claims to provide direct placement in multinational companies without interviews. Requires advance payment for documentation and onboarding,0,1
